Date,MARUTI.NS,M&M.NS,BAJAJ-AUTO.NS,HEROMOTOCO.NS,EICHERMOT.NS,TVSMOTOR.NS,ASHOKLEY.NS
2022-04-26 00:00:00+05:30,7550.61279296875,897.5692749023438,3472.404541015625,2067.38037109375,2515.23388671875,670.3507080078125,58.67282485961914
2022-04-27 00:00:00+05:30,7437.59375,884.8716430664062,3484.4931640625,2147.035400390625,2521.072021484375,675.3672485351562,57.36296844482422
2022-04-28 00:00:00+05:30,7532.8505859375,881.1005249023438,3420.926513671875,2161.892822265625,2544.33251953125,670.2030639648438,58.08564758300781
2022-04-29 00:00:00+05:30,7370.17333984375,880.336669921875,3327.3828125,2152.74609375,2497.242431640625,644.1365966796875,57.40812683105469
2022-05-02 00:00:00+05:30,7290.8642578125,879.6206665039062,3232.7236328125,2136.128173828125,2423.332275390625,638.4314575195312,57.001625061035156
2022-05-04 00:00:00+05:30,7064.6826171875,855.5142211914062,3119.81982421875,2069.312744140625,2357.5390625,617.234130859375,54.449649810791016
2022-05-05 00:00:00+05:30,7073.9931640625,858.3306884765625,3143.908447265625,2148.452392578125,2310.401611328125,620.72607421875,55.8272590637207
2022-05-06 00:00:00+05:30,6951.376953125,853.3661499023438,3122.362548828125,2201.44140625,2242.8994140625,618.7587890625,53.99797439575195
2022-05-09 00:00:00+05:30,7028.77587890625,854.7505493164062,3183.922119140625,2140.808837890625,2225.66796875,605.3812866210938,53.0494499206543
2022-05-10 00:00:00+05:30,7177.36767578125,848.1153564453125,3205.60205078125,2121.05615234375,2293.312255859375,606.1190185546875,53.614036560058594
2022-05-11 00:00:00+05:30,7063.2978515625,846.8742065429688,3223.266845703125,2121.528564453125,2268.248291015625,610.0043334960938,52.55260467529297
2022-05-12 00:00:00+05:30,6926.93017578125,826.0615234375,3198.419677734375,2062.184814453125,2263.97607421875,592.397216796875,53.0494499206543
2022-05-13 00:00:00+05:30,6782.06298828125,849.2131958007812,3249.362548828125,2103.36474609375,2309.546875,624.2671508789062,55.37558364868164
2022-05-16 00:00:00+05:30,6921.15234375,862.4359130859375,3315.15966796875,2143.513671875,2485.469970703125,642.8087768554688,56.708030700683594
2022-05-17 00:00:00+05:30,7193.505859375,869.5485229492188,3339.29296875,2167.21728515625,2569.728515625,665.0881958007812,57.611385345458984
2022-05-18 00:00:00+05:30,7225.73583984375,871.9352416992188,3382.385009765625,2180.529052734375,2559.570068359375,669.0718994140625,57.09196472167969
2022-05-19 00:00:00+05:30,7071.03271484375,842.5779418945312,3299.725341796875,2160.3466796875,2516.372802734375,667.9899291992188,55.511085510253906
2022-05-20 00:00:00+05:30,7244.88330078125,862.8655395507812,3379.3515625,2224.457275390625,2570.773193359375,673.3507690429688,58.87608337402344
2022-05-23 00:00:00+05:30,7541.73193359375,899.239990234375,3377.87939453125,2254.12939453125,2602.57763671875,684.51513671875,61.33772659301758
2022-05-24 00:00:00+05:30,7451.20166015625,903.9658203125,3375.336669921875,2264.693115234375,2581.691162109375,697.253173828125,63.77677536010742
2022-05-25 00:00:00+05:30,7436.49560546875,886.3514404296875,3382.920166015625,2228.36474609375,2550.21875,690.662841796875,62.805667877197266
2022-05-26 00:00:00+05:30,7453.4453125,887.68798828125,3441.40185546875,2264.220458984375,2587.19775390625,696.7122192382812,62.060401916503906
2022-05-27 00:00:00+05:30,7585.1826171875,909.6940307617188,3419.72216796875,2335.802734375,2603.337646484375,711.8602294921875,63.370269775390625
2022-05-30 00:00:00+05:30,7652.9365234375,953.1332397460938,3440.821533203125,2379.38720703125,2618.85986328125,727.5493774414062,62.9185905456543
2022-05-31 00:00:00+05:30,7607.52880859375,987.5027465820312,3447.423583984375,2382.26416015625,2640.031494140625,724.5000610351562,62.105567932128906
2022-06-01 00:00:00+05:30,7581.7919921875,999.9140625,3318.951904296875,2368.265869140625,2631.439453125,725.139404296875,63.18959045410156
2022-06-02 00:00:00+05:30,7568.42236328125,997.2407836914062,3290.9375,2287.10791015625,2585.72607421875,726.6640625,64.81563568115234
2022-06-03 00:00:00+05:30,7357.99755859375,982.0609130859375,3276.662841796875,2218.961181640625,2549.3642578125,718.352294921875,63.00891876220703
2022-06-06 00:00:00+05:30,7363.24951171875,989.0302124023438,3405.402587890625,2182.03173828125,2518.84130859375,716.7785034179688,62.51207733154297
2022-06-07 00:00:00+05:30,7457.64794921875,995.3314208984375,3420.65869140625,2207.88232421875,2513.904296875,731.8773193359375,63.12184143066406
2022-06-08 00:00:00+05:30,7536.95751953125,997.6704711914062,3385.0166015625,2220.85009765625,2515.091064453125,738.7628173828125,62.557247161865234
2022-06-09 00:00:00+05:30,7572.67236328125,997.765869140625,3460.404541015625,2231.284912109375,2578.55810546875,751.6976928710938,62.286231994628906
2022-06-10 00:00:00+05:30,7577.68603515625,989.5553588867188,3462.50146484375,2234.591064453125,2575.56787109375,751.15673828125,62.26365661621094
2022-06-13 00:00:00+05:30,7545.6953125,958.813720703125,3462.724365234375,2231.88623046875,2564.12744140625,738.1727294921875,59.55359649658203
2022-06-14 00:00:00+05:30,7459.79638671875,973.086669921875,3284.73681640625,2196.5029296875,2584.966552734375,737.6316528320312,60.29886245727539
2022-06-15 00:00:00+05:30,7499.71435546875,979.0536499023438,3299.323974609375,2237.468017578125,2582.45068359375,741.5170288085938,60.77312469482422
2022-06-16 00:00:00+05:30,7480.75830078125,959.7207641601562,3263.7265625,2163.395751953125,2518.271484375,734.8775024414062,58.67282485961914
2022-06-17 00:00:00+05:30,7341.85888671875,952.4649658203125,3237.63037109375,2119.037841796875,2472.985595703125,728.0411987304688,59.3955078125
2022-06-20 00:00:00+05:30,7315.88427734375,938.1920776367188,3226.032470703125,2106.28466796875,2490.501953125,718.6966552734375,60.02784729003906
2022-06-21 00:00:00+05:30,7430.1455078125,952.7513427734375,3252.1728515625,2146.34814453125,2566.026123046875,732.2216186523438,61.766815185546875
2022-06-22 00:00:00+05:30,7432.19775390625,939.2422485351562,3243.60791015625,2168.032958984375,2528.002685546875,731.7298583984375,60.276275634765625
2022-06-23 00:00:00+05:30,7898.45654296875,981.1539306640625,3376.675048828125,2296.554931640625,2676.3935546875,759.3701171875,63.07667541503906
2022-06-24 00:00:00+05:30,7986.50341796875,1023.4954223632812,3402.146484375,2370.283935546875,2732.26513671875,785.6824340820312,63.23475646972656
2022-06-27 00:00:00+05:30,8068.2001953125,1033.662841796875,3444.836669921875,2366.462158203125,2704.1630859375,788.387451171875,63.82194900512695
2022-06-28 00:00:00+05:30,8107.30615234375,1061.635986328125,3469.638671875,2376.080810546875,2718.87890625,806.7815551757812,65.49314880371094
2022-06-29 00:00:00+05:30,8125.64111328125,1061.397216796875,3450.501708984375,2363.7998046875,2740.525146484375,819.7163696289062,66.19325256347656
2022-06-30 00:00:00+05:30,8089.20849609375,1043.6396484375,3431.109130859375,2335.717041015625,2652.943603515625,828.1757202148438,66.75784301757812
2022-07-01 00:00:00+05:30,8024.1279296875,1057.196533203125,3355.203369140625,2373.590576171875,2641.97802734375,846.373046875,66.08032989501953
2022-07-04 00:00:00+05:30,8063.04248046875,1041.77783203125,3406.254638671875,2370.71337890625,2654.889404296875,827.1429443359375,65.51573181152344
2022-07-05 00:00:00+05:30,7972.65625,1032.94677734375,3409.031494140625,2350.78857421875,2663.6240234375,799.109130859375,65.4028091430664
2022-07-06 00:00:00+05:30,8241.3330078125,1054.5234375,3492.619873046875,2431.98974609375,2760.794921875,811.6013793945312,66.37391662597656
2022-07-07 00:00:00+05:30,8218.75,1081.97119140625,3513.4013671875,2438.559326171875,2795.210205078125,812.4375,66.8481674194336
2022-07-08 00:00:00+05:30,8094.17529296875,1082.2576904296875,3540.708740234375,2447.01904296875,2783.248046875,825.4215698242188,65.08663940429688
2022-07-11 00:00:00+05:30,8124.44775390625,1112.283203125,3562.508544921875,2463.164794921875,2892.666015625,840.9629516601562,65.58348083496094
2022-07-12 00:00:00+05:30,8040.45849609375,1094.716552734375,3561.860595703125,2469.52001953125,2804.561767578125,834.9628295898438,64.77045440673828
2022-07-13 00:00:00+05:30,8060.03564453125,1088.7017822265625,3573.801513671875,2441.908935546875,2817.236328125,842.9302978515625,64.63496398925781
2022-07-14 00:00:00+05:30,8181.84033203125,1102.0599365234375,3576.0693359375,2398.49609375,2805.558837890625,822.7657470703125,64.45301818847656
2022-07-15 00:00:00+05:30,8382.66796875,1130.8494873046875,3622.492431640625,2404.722900390625,2880.4658203125,857.389892578125,65.93128967285156
2022-07-18 00:00:00+05:30,8312.7158203125,1122.07275390625,3687.9375,2420.095458984375,2882.83935546875,863.8327026367188,66.2724380493164
2022-07-19 00:00:00+05:30,8323.2685546875,1144.1109619140625,3704.55322265625,2405.7099609375,2921.954345703125,865.7507934570312,66.68181610107422
2022-07-20 00:00:00+05:30,8354.974609375,1124.242919921875,3704.599609375,2427.652587890625,2890.9091796875,863.0949096679688,67.54603576660156
2022-07-21 00:00:00+05:30,8400.763671875,1133.4053955078125,3755.51171875,2445.730712890625,2925.277587890625,865.1113891601562,67.06842803955078
2022-07-22 00:00:00+05:30,8433.1845703125,1139.14404296875,3753.1513671875,2466.170654296875,2988.317138671875,871.2591552734375,66.95471954345703
2022-07-25 00:00:00+05:30,8233.2646484375,1095.5013427734375,3722.280029296875,2438.04443359375,2930.498779296875,856.75048828125,66.81825256347656
2022-07-26 00:00:00+05:30,8141.828125,1095.6461181640625,3633.83154296875,2405.323486328125,2870.3076171875,850.3076171875,65.9085464477539
2022-07-27 00:00:00+05:30,8268.119140625,1097.6715087890625,3595.18505859375,2419.934326171875,2902.681640625,835.9464111328125,67.22764587402344
2022-07-28 00:00:00+05:30,8328.234375,1108.3291015625,3571.4873046875,2418.325439453125,2899.453857421875,856.35693359375,66.20421600341797
2022-07-29 00:00:00+05:30,8378.3701171875,1123.0855712890625,3623.510498046875,2450.807861328125,2936.907470703125,893.1942749023438,67.7734603881836
2022-08-01 00:00:00+05:30,8597.8671875,1193.7816162109375,3677.986572265625,2470.593017578125,2932.113037109375,911.4900512695312,70.16146087646484
2022-08-02 00:00:00+05:30,8759.8759765625,1209.9366455078125,3699.18408203125,2410.28076171875,2963.015869140625,922.9985961914062,67.63700103759766
2022-08-03 00:00:00+05:30,8612.228515625,1209.1650390625,3705.8955078125,2436.7626953125,2979.39306640625,912.5720825195312,67.54603576660156
2022-08-04 00:00:00+05:30,8619.197265625,1216.9775390625,3713.532470703125,2441.197998046875,2986.6083984375,918.818115234375,66.36341094970703
2022-08-05 00:00:00+05:30,8498.5615234375,1191.9974365234375,3714.82861328125,2409.62841796875,2933.252685546875,932.8349609375,65.93128967285156
2022-08-08 00:00:00+05:30,8576.181640625,1231.3480224609375,3723.668212890625,2381.2333984375,2959.0283203125,941.0484008789062,66.04500579833984
2022-08-10 00:00:00+05:30,8535.5703125,1223.00537109375,3734.961669921875,2413.759765625,2994.915771484375,950.7864379882812,66.8637466430664
2022-08-11 00:00:00+05:30,8472.2705078125,1221.220947265625,3733.712158203125,2422.32568359375,3015.70751953125,942.5730590820312,66.34066772460938
2022-08-12 00:00:00+05:30,8362.0654296875,1214.7108154296875,3737.877685546875,2401.975341796875,3067.985107421875,936.9662475585938,66.93197631835938
2022-08-16 00:00:00+05:30,8654.763671875,1242.5361328125,3787.077392578125,2449.894775390625,3190.220947265625,963.0819091796875,68.00089263916016
2022-08-17 00:00:00+05:30,8597.712890625,1228.9852294921875,3765.55517578125,2533.77587890625,3247.133544921875,954.6718139648438,67.27311706542969
2022-08-18 00:00:00+05:30,8600.93359375,1216.3504638671875,3758.843994140625,2529.210205078125,3260.322509765625,958.0653686523438,67.02295684814453
2022-08-19 00:00:00+05:30,8438.7236328125,1195.3731689453125,3771.711181640625,2468.723388671875,3272.4599609375,943.0648193359375,67.31859588623047
2022-08-22 00:00:00+05:30,8293.6240234375,1183.1241455078125,3741.2099609375,2418.195068359375,3214.3046875,921.6215209960938,64.68045043945312
2022-08-23 00:00:00+05:30,8382.5390625,1227.8759765625,3762.361572265625,2438.067138671875,3311.3095703125,939.5238037109375,66.70455932617188
2022-08-24 00:00:00+05:30,8366.677734375,1223.24658203125,3763.565185546875,2440.632568359375,3297.8818359375,944.2452392578125,67.97814178466797
2022-08-25 00:00:00+05:30,8397.3427734375,1214.9036865234375,3760.97314453125,2434.9365234375,3327.27001953125,933.5726928710938,67.11392211914062
2022-08-26 00:00:00+05:30,8382.634765625,1229.370849609375,3753.05859375,2458.374267578125,3206.515625,938.835205078125,68.00089263916016
2022-08-29 00:00:00+05:30,8491.8330078125,1231.444580078125,3730.5185546875,2458.63525390625,3145.827880859375,942.1795654296875,67.38683319091797
2022-08-30 00:00:00+05:30,8730.26953125,1262.2113037109375,3781.245849609375,2467.897216796875,3210.00390625,969.4755249023438,70.04773712158203
2022-09-01 00:00:00+05:30,8674.7578125,1265.4425048828125,3773.330810546875,2501.771484375,3260.513671875,998.4929809570312,74.02771759033203
2022-09-02 00:00:00+05:30,8573.9228515625,1269.203857421875,3731.30517578125,2456.982666015625,3270.548583984375,1009.0670776367188,74.43708801269531
2022-09-05 00:00:00+05:30,8603.1923828125,1273.6405029296875,3662.57373046875,2471.6806640625,3249.9052734375,1021.067626953125,74.86920166015625
2022-09-06 00:00:00+05:30,8544.26953125,1259.9931640625,3637.34912109375,2492.98779296875,3259.319091796875,1037.2977294921875,75.05115509033203
2022-09-07 00:00:00+05:30,8444.443359375,1243.88623046875,3559.823974609375,2482.72509765625,3233.801025390625,1024.36279296875,73.6638412475586
2022-09-08 00:00:00+05:30,8449.970703125,1274.9425048828125,3560.703369140625,2484.94287109375,3274.037109375,1027.70703125,74.77824401855469
2022-09-09 00:00:00+05:30,8599.2998046875,1255.026123046875,3562.554931640625,2468.54931640625,3319.33740234375,1036.5599365234375,75.75617980957031
2022-09-12 00:00:00+05:30,8581.662109375,1250.975341796875,3582.641845703125,2485.46484375,3382.2236328125,1033.3138427734375,75.05115509033203
2022-09-13 00:00:00+05:30,8580.5556640625,1253.67578125,3579.124267578125,2495.98779296875,3366.0244140625,1021.706787109375,74.57354736328125
2022-09-14 00:00:00+05:30,8619.6787109375,1251.939697265625,3564.08203125,2479.89892578125,3384.947509765625,1020.870849609375,74.14144134521484
2022-09-15 00:00:00+05:30,8852.828125,1250.975341796875,3487.945556640625,2426.674072265625,3461.83447265625,1024.5103759765625,75.09663391113281
2022-09-16 00:00:00+05:30,8833.5078125,1205.693115234375,3415.326171875,2335.2705078125,3391.82861328125,1008.1326904296875,72.9815673828125
2022-09-19 00:00:00+05:30,8921.171875,1242.8736572265625,3432.63623046875,2351.96875,3431.251708984375,1010.3948974609375,73.39093017578125
2022-09-20 00:00:00+05:30,8940.3974609375,1256.66552734375,3488.5009765625,2410.367919921875,3547.179931640625,1064.446044921875,73.89126586914062
2022-09-21 00:00:00+05:30,8889.5009765625,1260.234130859375,3453.3251953125,2414.80322265625,3518.986328125,1050.9700927734375,73.77754974365234
2022-09-22 00:00:00+05:30,9037.4833984375,1263.8509521484375,3451.75146484375,2415.063720703125,3582.732666015625,1049.0028076171875,74.82372283935547
2022-09-23 00:00:00+05:30,8981.3466796875,1227.1043701171875,3423.98095703125,2402.105712890625,3525.10302734375,1020.5757446289062,72.45848083496094
2022-09-26 00:00:00+05:30,8492.5537109375,1192.479736328125,3308.8271484375,2366.709716796875,3359.85986328125,1008.0833740234375,70.2751693725586
2022-09-27 00:00:00+05:30,8434.013671875,1191.852783203125,3278.64990234375,2294.439208984375,3412.42431640625,1017.9198608398438,68.63768005371094
2022-09-28 00:00:00+05:30,8388.5478515625,1198.2664794921875,3282.352783203125,2253.651123046875,3467.61669921875,1004.5424194335938,68.13733673095703
2022-09-29 00:00:00+05:30,8290.595703125,1213.6497802734375,3218.2958984375,2205.77490234375,3463.60302734375,995.3453979492188,67.93265533447266
2022-09-30 00:00:00+05:30,8486.017578125,1223.1500244140625,3265.5517578125,2216.994140625,3508.9990234375,1015.3624267578125,69.43367767333984
2022-10-03 00:00:00+05:30,8215.7626953125,1206.8985595703125,3254.0732421875,2196.426025390625,3309.9716796875,979.213623046875,68.36477661132812
2022-10-04 00:00:00+05:30,8353.701171875,1215.578857421875,3313.548095703125,2280.132568359375,3397.5625,1017.9690551757812,71.09391021728516
2022-10-06 00:00:00+05:30,8365.716796875,1212.25146484375,3327.479248046875,2301.265869140625,3374.960205078125,1057.2164306640625,71.18489074707031
2022-10-07 00:00:00+05:30,8438.8671875,1194.8424072265625,3335.718017578125,2282.8720703125,3343.613037109375,1067.101806640625,72.61766815185547
2022-10-10 00:00:00+05:30,8518.9404296875,1198.8450927734375,3348.121826171875,2235.51806640625,3375.19921875,1049.19970703125,70.2069320678711
2022-10-11 00:00:00+05:30,8347.5986328125,1185.873046875,3266.477294921875,2216.080810546875,3257.072998046875,1037.9368896484375,67.81895446777344
2022-10-12 00:00:00+05:30,8349.9521484375,1203.5711669921875,3355.110595703125,2217.7333984375,3305.049560546875,1069.9052734375,67.79621124267578
2022-10-13 00:00:00+05:30,8314.3388671875,1203.8603515625,3336.875244140625,2214.602294921875,3317.47412109375,1059.970458984375,66.90924072265625
2022-10-14 00:00:00+05:30,8283.337890625,1186.5963134765625,3305.124267578125,2205.4267578125,3323.208251953125,1060.7083740234375,67.31859588623047
2022-10-17 00:00:00+05:30,8385.7119140625,1186.306884765625,3359.2763671875,2220.907470703125,3359.04736328125,1057.4622802734375,67.34134674072266
2022-10-18 00:00:00+05:30,8466.0234375,1209.2615966796875,3342.891845703125,2228.125732421875,3452.516357421875,1110.578857421875,68.13733673095703
2022-10-19 00:00:00+05:30,8381.43359375,1204.0533447265625,3384.130615234375,2210.03662109375,3452.3251953125,1152.2850341796875,66.79552459716797
2022-10-20 00:00:00+05:30,8369.947265625,1205.596435546875,3417.455078125,2231.21337890625,3489.454833984375,1123.5628662109375,65.84032440185547
2022-10-21 00:00:00+05:30,8366.005859375,1212.106689453125,3395.933349609375,2234.952880859375,3468.763427734375,1123.1202392578125,65.04432678222656
2022-10-24 00:00:00+05:30,8425.7470703125,1225.80224609375,3424.814453125,2245.4326171875,3479.945556640625,1127.3499755859375,65.74935913085938
2022-10-25 00:00:00+05:30,8656.013671875,1235.881103515625,3382.5107421875,2248.650390625,3546.319580078125,1138.022216796875,66.97747039794922
2022-10-27 00:00:00+05:30,8691.5322265625,1248.1781005859375,3353.07421875,2270.52294921875,3546.319580078125,1106.1524658203125,67.29586029052734
2022-10-28 00:00:00+05:30,9124.66796875,1265.056640625,3397.877197265625,2304.527587890625,3579.865478515625,1108.7098388671875,67.84169006347656
2022-10-31 00:00:00+05:30,9158.3603515625,1300.6939697265625,3398.94140625,2328.008544921875,3679.9287109375,1127.3006591796875,69.72933959960938
2022-11-01 00:00:00+05:30,9088.1884765625,1305.950439453125,3455.268798828125,2324.790771484375,3630.183349609375,1119.3824462890625,68.1146011352539
2022-11-02 00:00:00+05:30,8871.716796875,1304.310791015625,3459.064208984375,2299.396484375,3564.04833984375,1096.7586669921875,67.97814178466797
2022-11-03 00:00:00+05:30,8881.041015625,1287.9630126953125,3493.03662109375,2301.483642578125,3512.487548828125,1116.087158203125,67.34134674072266
2022-11-04 00:00:00+05:30,8871.8134765625,1290.760009765625,3490.81494140625,2251.52001953125,3504.50732421875,1095.9224853515625,66.72730255126953
2022-11-07 00:00:00+05:30,8971.5888671875,1303.298095703125,3489.657958984375,2279.48046875,3588.848876953125,1094.54541015625,67.38683319091797
2022-11-09 00:00:00+05:30,8894.8828125,1290.03662109375,3461.60986328125,2305.96240234375,3567.6318359375,1126.0218505859375,67.22764587402344
2022-11-10 00:00:00+05:30,8744.6884765625,1252.0843505859375,3447.77099609375,2359.012939453125,3536.953857421875,1087.856689453125,66.68181610107422
2022-11-11 00:00:00+05:30,8735.365234375,1241.378662109375,3450.594482421875,2320.746826171875,3363.7783203125,1089.33203125,67.20489501953125
2022-11-14 00:00:00+05:30,8797.6513671875,1232.74658203125,3449.067138671875,2338.053466796875,3360.86328125,1082.7418212890625,69.47917175292969
2022-11-15 00:00:00+05:30,8807.12109375,1245.815185546875,3484.38134765625,2374.884765625,3352.596435546875,1085.151611328125,68.2738037109375
2022-11-16 00:00:00+05:30,8780.9267578125,1240.9927978515625,3468.922607421875,2382.450927734375,3347.91357421875,1100.2012939453125,67.31859588623047
2022-11-17 00:00:00+05:30,8638.181640625,1214.614501953125,3419.583984375,2386.407958984375,3289.424072265625,1090.955078125,65.84032440185547
2022-11-18 00:00:00+05:30,8505.1455078125,1183.55810546875,3362.932861328125,2368.274658203125,3240.109130859375,1064.15087890625,65.86307525634766
2022-11-21 00:00:00+05:30,8521.6318359375,1174.9742431640625,3350.482666015625,2328.530517578125,3228.974853515625,1031.29736328125,65.36272430419922
2022-11-22 00:00:00+05:30,8529.849609375,1184.81201171875,3350.1123046875,2335.488037109375,3225.582275390625,1026.2318115234375,65.544677734375
2022-11-23 00:00:00+05:30,8588.24609375,1191.8045654296875,3339.698486328125,2312.354736328125,3231.1728515625,1034.789306640625,66.15872955322266
2022-11-24 00:00:00+05:30,8619.58203125,1209.502685546875,3351.084228515625,2324.74755859375,3227.7802734375,1035.4287109375,66.45438385009766
2022-11-25 00:00:00+05:30,8669.9521484375,1216.0130615234375,3369.690185546875,2355.22998046875,3262.90283203125,1020.4773559570312,67.65974426269531
2022-11-28 00:00:00+05:30,8637.173828125,1206.271728515625,3403.430908203125,2420.7607421875,3288.99365234375,1043.1502685546875,68.22831726074219
2022-11-29 00:00:00+05:30,8564.8876953125,1212.4443359375,3388.06494140625,2459.678466796875,3264.814208984375,1022.8380126953125,67.56877899169922
2022-11-30 00:00:00+05:30,8626.359375,1259.2215576171875,3471.93115234375,2480.246826171875,3330.184814453125,1031.0023193359375,67.68248748779297
2022-12-01 00:00:00+05:30,8610.9794921875,1247.5030517578125,3432.034423828125,2497.553466796875,3285.21875,1032.8221435546875,67.63700103759766
2022-12-02 00:00:00+05:30,8474.1943359375,1219.677978515625,3387.370849609375,2452.89501953125,3184.29541015625,1031.2481689453125,66.43164825439453
2022-12-05 00:00:00+05:30,8451.31640625,1215.0484619140625,3387.879638671875,2459.15673828125,3196.289306640625,1001.1488647460938,66.97747039794922
2022-12-06 00:00:00+05:30,8379.5107421875,1218.1829833984375,3420.185791015625,2434.066650390625,3153.569091796875,1023.9199829101562,66.36341094970703
2022-12-07 00:00:00+05:30,8323.5673828125,1221.6068115234375,3364.50634765625,2399.931640625,3115.48388671875,1008.4769287109375,65.97677612304688
2022-12-08 00:00:00+05:30,8346.2041015625,1229.08154296875,3365.894775390625,2398.75732421875,3175.168212890625,1009.1654663085938,65.95403289794922
2022-12-09 00:00:00+05:30,8279.5419921875,1220.4495849609375,3348.121826171875,2392.930419921875,3209.478515625,1019.1986694335938,65.3399887084961
2022-12-12 00:00:00+05:30,8324.1435546875,1219.0992431640625,3329.423583984375,2410.28076171875,3173.400390625,1020.8215942382812,65.68112182617188
2022-12-13 00:00:00+05:30,8286.607421875,1237.7618408203125,3366.450439453125,2399.844482421875,3166.2802734375,1019.8380737304688,65.49918365478516
2022-12-14 00:00:00+05:30,8306.6962890625,1240.751708984375,3380.61328125,2389.32177734375,3220.182373046875,1011.919677734375,66.75003051757812
2022-12-15 00:00:00+05:30,8251.47265625,1241.2340087890625,3350.29736328125,2409.759033203125,3157.20068359375,1022.0511474609375,65.52191925048828
2022-12-16 00:00:00+05:30,8156.93603515625,1207.1397705078125,3285.77783203125,2369.753662109375,3145.684326171875,1022.8380126953125,64.1346206665039
2022-12-19 00:00:00+05:30,8270.4091796875,1244.8026123046875,3359.970703125,2418.238525390625,3238.81884765625,1038.822265625,65.56741333007812
2022-12-20 00:00:00+05:30,8193.990234375,1229.94970703125,3345.02099609375,2411.2373046875,3166.710205078125,1038.7237548828125,65.9995346069336
2022-12-21 00:00:00+05:30,8026.78271484375,1220.7388916015625,3342.66064453125,2398.105224609375,3128.290283203125,1016.4443359375,64.99884033203125
2022-12-22 00:00:00+05:30,8011.353515625,1190.11669921875,3333.218505859375,2372.232421875,3064.066650390625,1022.1004638671875,64.79415130615234
2022-12-23 00:00:00+05:30,7826.07421875,1181.098876953125,3278.557373046875,2293.221923828125,2975.758544921875,993.9682006835938,62.70182800292969
2022-12-26 00:00:00+05:30,7936.80908203125,1193.106689453125,3288.184326171875,2336.2275390625,3021.250244140625,998.9356079101562,64.27108001708984
2022-12-27 00:00:00+05:30,7983.57470703125,1190.4061279296875,3324.053955078125,2350.18603515625,3060.004638671875,1026.96923828125,64.521240234375
2022-12-28 00:00:00+05:30,8094.6943359375,1207.8629150390625,3320.259521484375,2345.18505859375,3069.32275390625,1064.987060546875,65.40821838378906
2022-12-29 00:00:00+05:30,8108.8720703125,1217.5078125,3303.55078125,2367.44921875,3135.888427734375,1082.9876708984375,65.68112182617188
2022-12-30 00:00:00+05:30,8069.26953125,1204.824951171875,3347.2890625,2381.92919921875,3084.805419921875,1067.6429443359375,65.22627258300781
2023-01-02 00:00:00+05:30,8077.63232421875,1217.9901123046875,3308.317626953125,2361.969970703125,3085.85693359375,1055.4949951171875,67.61425018310547
2023-01-03 00:00:00+05:30,8057.87841796875,1204.9215087890625,3334.00537109375,2365.88330078125,3071.138671875,1024.5103759765625,67.04569244384766
2023-01-04 00:00:00+05:30,8096.3759765625,1192.2867431640625,3288.7861328125,2356.22998046875,3072.859130859375,1008.2802734375,66.31791687011719
2023-01-05 00:00:00+05:30,8133.19189453125,1208.1524658203125,3352.010009765625,2406.541015625,3113.4287109375,1013.345947265625,67.52330017089844
2023-01-06 00:00:00+05:30,8058.1669921875,1219.96728515625,3371.541748046875,2385.146728515625,3106.6435546875,1007.7391967773438,67.20489501953125
2023-01-09 00:00:00+05:30,8052.35205078125,1263.802734375,3351.6396484375,2393.670166015625,3118.064453125,1004.394775390625,68.84237670898438
2023-01-10 00:00:00+05:30,7971.75146484375,1268.191162109375,3308.549072265625,2358.62158203125,3027.271728515625,999.6732788085938,69.09253692626953
2023-01-11 00:00:00+05:30,7963.38818359375,1265.9727783203125,3275.0859375,2342.706298828125,2998.3134765625,998.0503540039062,67.97814178466797
2023-01-12 00:00:00+05:30,8044.85400390625,1273.0135498046875,3304.939208984375,2343.1416015625,2965.819091796875,989.0991821289062,66.77278137207031
2023-01-13 00:00:00+05:30,8125.79150390625,1280.970458984375,3337.337890625,2372.884521484375,3022.01513671875,985.7548828125,66.8864974975586
2023-01-16 00:00:00+05:30,8055.3310546875,1268.8660888671875,3316.834228515625,2399.105224609375,3000.03369140625,972.52490234375,66.75003051757812
2023-01-17 00:00:00+05:30,8150.734375,1273.9296875,3338.864990234375,2406.2802734375,3039.122314453125,970.5084838867188,66.79552459716797
2023-01-18 00:00:00+05:30,8164.8642578125,1275.18359375,3341.595703125,2408.97607421875,3036.87646484375,985.6564331054688,67.04569244384766
2023-01-19 00:00:00+05:30,8172.17041015625,1272.676025390625,3310.16943359375,2408.62841796875,3026.459228515625,997.4601440429688,66.38614654541016
2023-01-20 00:00:00+05:30,8112.7177734375,1268.0465087890625,3307.20703125,2388.53857421875,3010.9765625,954.0325317382812,65.52191925048828
2023-01-23 00:00:00+05:30,8090.8974609375,1281.2596435546875,3354.2314453125,2413.020263671875,3061.486083984375,965.639404296875,67.02295684814453
2023-01-24 00:00:00+05:30,8361.6806640625,1276.8714599609375,3412.502685546875,2410.672119140625,3083.658447265625,967.7542724609375,66.8864974975586
2023-01-25 00:00:00+05:30,8443.6748046875,1264.911865234375,3441.106201171875,2422.064697265625,3071.52099609375,1020.9200439453125,66.56809997558594
2023-01-27 00:00:00+05:30,8398.880859375,1273.302734375,3644.15283203125,2379.580810546875,3029.3740234375,1033.6090087890625,67.93265533447266
2023-01-30 00:00:00+05:30,8475.298828125,1284.2979736328125,3555.657958984375,2350.142333984375,3050.113037109375,1016.7886962890625,65.63563537597656
2023-01-31 00:00:00+05:30,8550.564453125,1329.77294921875,3534.46044921875,2403.1494140625,3118.8291015625,1019.7887573242188,68.00089263916016
2023-02-01 00:00:00+05:30,8429.0146484375,1304.021484375,3528.027099609375,2371.8408203125,3156.818359375,1001.6897583007812,67.1821517944336
2023-02-02 00:00:00+05:30,8526.3896484375,1304.3590087890625,3508.9580078125,2314.1806640625,3074.818359375,990.5198364257812,69.16077423095703
2023-02-03 00:00:00+05:30,8595.7431640625,1338.694580078125,3566.2109375,2308.35400390625,3169.816162109375,1023.683837890625,70.00225067138672
2023-02-06 00:00:00+05:30,8562.7724609375,1327.12060546875,3563.017578125,2343.79345703125,3116.2958984375,1044.98583984375,69.524658203125
2023-02-07 00:00:00+05:30,8422.86328125,1318.1510009765625,3591.11181640625,2306.919189453125,3129.67626953125,1038.5606689453125,67.97814178466797
2023-02-08 00:00:00+05:30,8492.3125,1324.275390625,3591.898681640625,2273.91455078125,3085.04443359375,1027.58837890625,67.54603576660156
2023-02-09 00:00:00+05:30,8460.1123046875,1323.45556640625,3559.916748046875,2225.690673828125,3093.7890625,1037.720458984375,67.70523834228516
2023-02-10 00:00:00+05:30,8469.8681640625,1316.9453125,3546.864501953125,2246.650390625,3070.08740234375,1062.976318359375,67.02295684814453
2023-02-13 00:00:00+05:30,8468.0419921875,1304.937744140625,3594.860595703125,2227.734619140625,3108.6025390625,1056.8477783203125,67.84169006347656
2023-02-14 00:00:00+05:30,8434.3984375,1314.7271728515625,3588.010986328125,2211.167236328125,3035.060546875,1065.9420166015625,67.88717651367188
2023-02-15 00:00:00+05:30,8502.5498046875,1330.3515625,3615.1328125,2236.82275390625,3164.511962890625,1093.7679443359375,68.20556640625
2023-02-16 00:00:00+05:30,8463.8603515625,1319.549560546875,3616.244140625,2223.516845703125,3143.4384765625,1110.9677734375,68.66043090820312
2023-02-17 00:00:00+05:30,8466.408203125,1293.84619140625,3604.8583984375,2262.64697265625,3139.52001953125,1091.1484375,67.72797393798828
2023-02-20 00:00:00+05:30,8356.73046875,1298.427490234375,3613.652099609375,2255.418701171875,3144.776611328125,1117.6895751953125,67.56877899169922
2023-02-21 00:00:00+05:30,8333.8525390625,1303.8284912109375,3551.90966796875,2249.261474609375,3129.150390625,1112.845947265625,67.20489501953125
2023-02-22 00:00:00+05:30,8323.375,1272.8687744140625,3555.24169921875,2230.432373046875,3105.783203125,1101.478271484375,65.22627258300781
2023-02-23 00:00:00+05:30,8359.2294921875,1267.27490234375,3547.095703125,2226.90771484375,3098.376708984375,1104.44384765625,63.95266342163086
2023-02-24 00:00:00+05:30,8324.8642578125,1234.7237548828125,3563.80419921875,2218.117919921875,3063.636474609375,1092.5819091796875,64.27108001708984
2023-02-27 00:00:00+05:30,8297.6611328125,1212.733642578125,3369.31982421875,2175.194580078125,2992.387939453125,1072.713134765625,64.24832916259766
2023-02-28 00:00:00+05:30,8290.115234375,1224.50048828125,3389.083251953125,2158.730712890625,2968.3515625,1067.8695068359375,66.18145751953125
2023-03-01 00:00:00+05:30,8424.498046875,1226.959716796875,3454.296875,2169.439208984375,2999.794677734375,1050.7191162109375,65.4764404296875
2023-03-02 00:00:00+05:30,8217.4453125,1207.091552734375,3439.11572265625,2198.218017578125,2987.083984375,1054.5743408203125,66.02226257324219
2023-03-03 00:00:00+05:30,8267.91015625,1223.5357666015625,3454.62109375,2196.611572265625,2988.803955078125,1058.033935546875,65.97677612304688
2023-03-06 00:00:00+05:30,8296.94140625,1225.320068359375,3446.336181640625,2212.807861328125,3025.981201171875,1085.860107421875,66.40889739990234
2023-03-08 00:00:00+05:30,8356.970703125,1244.1273193359375,3527.934326171875,2211.33544921875,3062.489501953125,1097.030029296875,66.38614654541016
2023-03-09 00:00:00+05:30,8210.908203125,1203.8123779296875,3530.063232421875,2180.772216796875,3007.3447265625,1074.047607421875,65.88581848144531
2023-03-10 00:00:00+05:30,8268.19921875,1183.1241455078125,3537.839111328125,2177.648681640625,2978.10009765625,1059.8626708984375,66.13597869873047
2023-03-13 00:00:00+05:30,8188.2724609375,1151.055419921875,3497.618408203125,2130.1298828125,2899.0625,1036.633056640625,64.08912658691406
2023-03-14 00:00:00+05:30,8182.2646484375,1119.565185546875,3473.967529296875,2117.993896484375,2883.293212890625,1033.9642333984375,63.08845901489258
2023-03-15 00:00:00+05:30,8146.50537109375,1119.131103515625,3452.76953125,2123.34814453125,2873.736083984375,1020.86669921875,62.81553649902344
2023-03-16 00:00:00+05:30,8110.45947265625,1125.59326171875,3517.751708984375,2115.7626953125,2901.021728515625,1041.4766845703125,63.5660514831543
2023-03-17 00:00:00+05:30,7994.53173828125,1129.8851318359375,3530.896728515625,2101.663330078125,2842.86669921875,1034.8043212890625,63.452327728271484
2023-03-20 00:00:00+05:30,7901.05126953125,1126.1719970703125,3522.195068359375,2087.564208984375,2821.267333984375,1029.7630615234375,61.83760070800781
2023-03-21 00:00:00+05:30,7909.5107421875,1119.0831298828125,3615.41064453125,2096.22021484375,2804.8291015625,1041.921630859375,61.58742141723633
2023-03-22 00:00:00+05:30,7932.580078125,1122.7479248046875,3632.30419921875,2099.92333984375,2816.05859375,1042.6629638671875,63.1111946105957
2023-03-23 00:00:00+05:30,8029.47412109375,1123.5677490234375,3575.83837890625,2108.222900390625,2798.04345703125,1035.4468994140625,62.45166015625
2023-03-24 00:00:00+05:30,7923.44873046875,1109.92041015625,3543.39306640625,2064.3623046875,2780.7451171875,1030.0101318359375,62.6108512878418
2023-03-27 00:00:00+05:30,7957.52392578125,1097.478759765625,3524.555908203125,2060.12353515625,2757.760498046875,1034.606689453125,61.223548889160156
2023-03-28 00:00:00+05:30,7890.66943359375,1088.2197265625,3509.791259765625,2007.3846435546875,2726.078125,1022.3988647460938,61.24627685546875
2023-03-29 00:00:00+05:30,7973.8173828125,1103.6512451171875,3590.97314453125,2056.15234375,2803.777587890625,1066.781982421875,62.06501770019531
2023-03-31 00:00:00+05:30,7970.79052734375,1117.5396728515625,3596.017822265625,2094.702880859375,2818.2568359375,1064.80517578125,63.315879821777344
2023-04-03 00:00:00+05:30,8173.5166015625,1128.341796875,3696.916259765625,2169.439208984375,2871.251220703125,1072.268310546875,64.1346206665039
2023-04-05 00:00:00+05:30,8119.68701171875,1114.4051513671875,3724.13134765625,2170.420654296875,2803.82568359375,1077.408447265625,61.29177474975586
2023-04-06 00:00:00+05:30,8186.58935546875,1129.643798828125,3733.8046875,2165.289306640625,2830.53759765625,1086.0577392578125,62.06501770019531
2023-04-10 00:00:00+05:30,8204.3740234375,1146.3775634765625,3759.723876953125,2195.80810546875,2838.900146484375,1094.9049072265625,62.86101531982422
2023-04-11 00:00:00+05:30,8323.9521484375,1159.0123291015625,3866.916748046875,2204.018310546875,2918.94140625,1115.86083984375,62.565364837646484
2023-04-12 00:00:00+05:30,8286.943359375,1164.461669921875,3967.445068359375,2210.66650390625,2989.807373046875,1122.6319580078125,62.542625427246094
2023-04-13 00:00:00+05:30,8334.765625,1161.76123046875,3969.620361328125,2183.67236328125,3070.756591796875,1149.5684814453125,62.770057678222656
2023-04-17 00:00:00+05:30,8338.466796875,1169.862548828125,3938.1474609375,2200.5380859375,3086.000244140625,1156.1915283203125,62.88376235961914
2023-04-18 00:00:00+05:30,8394.21875,1161.90576171875,3896.3994140625,2177.11328125,3119.020263671875,1131.7755126953125,63.4978141784668
2023-04-19 00:00:00+05:30,8343.560546875,1172.322021484375,3948.746337890625,2182.6904296875,3143.91650390625,1156.6856689453125,62.63359069824219
2023-04-20 00:00:00+05:30,8376.9150390625,1175.3118896484375,3993.6884765625,2185.010986328125,3103.155029296875,1114.9710693359375,63.17941665649414
2023-04-21 00:00:00+05:30,8226.76953125,1169.669677734375,3988.087890625,2194.648681640625,3058.953369140625,1080.373779296875,61.974063873291016
2023-04-24 00:00:00+05:30,8138.04638671875,1164.847412109375,4010.118896484375,2231.860107421875,3041.846435546875,1089.1221923828125,62.06501770019531
2023-04-25 00:00:00+05:30,8140.69091796875,1166.8726806640625,4019.791748046875,2228.9150390625,3075.439453125,1098.71044921875,63.74798583984375
2023-04-26 00:00:00+05:30,8177.2177734375,1170.4412841796875,3979.47900390625,2235.5185546875,3104.49365234375,1112.54931640625,64.1346206665039
2023-04-27 00:00:00+05:30,8211.8701171875,1180.520263671875,4080.562744140625,2238.64208984375,3119.020263671875,1119.4688720703125,64.68045043945312
2023-04-28 00:00:00+05:30,8256.6640625,1183.3172607421875,4102.54736328125,2283.216064453125,3154.9072265625,1125.2515869140625,66.38614654541016
2023-05-02 00:00:00+05:30,8436.705078125,1193.3477783203125,4163.6884765625,2227.2646484375,3207.519287109375,1144.6259765625,65.36272430419922
2023-05-03 00:00:00+05:30,8456.3623046875,1191.5633544921875,4117.265625,2233.2880859375,3200.064697265625,1143.9339599609375,65.36272430419922
2023-05-04 00:00:00+05:30,8459.5341796875,1187.946533203125,4126.38427734375,2243.863037109375,3191.41552734375,1155.598388671875,66.15872955322266
2023-05-05 00:00:00+05:30,8601.84765625,1168.1746826171875,4131.38232421875,2273.087890625,3206.515625,1200.9700927734375,65.72661590576172
2023-05-08 00:00:00+05:30,8724.5029296875,1188.0430908203125,4211.12890625,2299.055908203125,3242.6416015625,1215.6492919921875,66.70455932617188
2023-05-09 00:00:00+05:30,8758.4345703125,1201.208251953125,4192.24560546875,2312.61962890625,3232.128662109375,1215.7974853515625,66.8864974975586
2023-05-10 00:00:00+05:30,8812.841796875,1204.2945556640625,4217.33154296875,2307.71142578125,3265.43505859375,1226.769775390625,67.70523834228516
2023-05-11 00:00:00+05:30,8901.99609375,1206.850341796875,4209.87939453125,2307.176025390625,3254.49267578125,1225.5341796875,67.72797393798828
2023-05-12 00:00:00+05:30,8935.1591796875,1230.6246337890625,4201.548828125,2325.425048828125,3465.753173828125,1223.211181640625,68.1146011352539
2023-05-15 00:00:00+05:30,8850.47265625,1239.980224609375,4225.29150390625,2402.1689453125,3496.47900390625,1220.295166015625,69.75209045410156
2023-05-16 00:00:00+05:30,8719.791015625,1217.604248046875,4201.0390625,2396.90380859375,3472.2998046875,1229.78466796875,69.3882064819336
2023-05-17 00:00:00+05:30,8765.9814453125,1218.2313232421875,4192.70849609375,2429.876953125,3468.046875,1237.59375,69.5473861694336
2023-05-18 00:00:00+05:30,8702.4404296875,1201.2564697265625,4182.80419921875,2440.763916015625,3417.7763671875,1226.275634765625,69.45642852783203
2023-05-19 00:00:00+05:30,8753.05078125,1215.627197265625,4149.98876953125,2420.997802734375,3412.758544921875,1225.880126953125,70.36613464355469
2023-05-22 00:00:00+05:30,8801.787109375,1220.5941162109375,4187.06201171875,2402.391845703125,3388.435546875,1224.9410400390625,69.61563110351562
2023-05-23 00:00:00+05:30,8844.12890625,1223.487548828125,4163.78076171875,2418.72265625,3442.099365234375,1246.6385498046875,69.22899627685547
2023-05-24 00:00:00+05:30,8911.46484375,1230.383544921875,4181.83154296875,2443.931640625,3450.9873046875,1258.2532958984375,68.41024017333984
2023-05-25 00:00:00+05:30,8922.1337890625,1232.4090576171875,4298.8369140625,2438.6669921875,3489.7890625,1268.3358154296875,66.18145751953125
2023-05-26 00:00:00+05:30,9035.6572265625,1236.315185546875,4272.87158203125,2449.6875,3526.918701171875,1278.3197021484375,66.18145751953125
2023-05-29 00:00:00+05:30,8971.7822265625,1282.8994140625,4275.23193359375,2478.020263671875,3547.08447265625,1284.8438720703125,66.45438385009766
2023-05-30 00:00:00+05:30,9019.7001953125,1281.2596435546875,4250.60986328125,2480.028076171875,3515.450439453125,1267.9405517578125,66.34066772460938
2023-05-31 00:00:00+05:30,9004.6572265625,1272.1455078125,4227.6982421875,2462.850341796875,3509.33349609375,1287.809326171875,66.54534912109375
2023-06-01 00:00:00+05:30,8966.7841796875,1272.0489501953125,4298.46630859375,2498.990966796875,3551.48046875,1257.4625244140625,66.93197631835938
2023-06-02 00:00:00+05:30,9117.7470703125,1293.749755859375,4322.0712890625,2581.312255859375,3535.56787109375,1290.5277099609375,66.47711944580078
2023-06-05 00:00:00+05:30,9210.748046875,1345.83154296875,4359.97802734375,2561.63525390625,3510.576171875,1279.802490234375,67.79621124267578
2023-06-06 00:00:00+05:30,9358.876953125,1361.0704345703125,4374.9736328125,2592.154296875,3541.015869140625,1316.6732177734375,68.29654693603516
2023-06-07 00:00:00+05:30,9331.287109375,1356.4407958984375,4425.4228515625,2639.62841796875,3562.327880859375,1331.9949951171875,69.11528015136719
2023-06-08 00:00:00+05:30,9284.2841796875,1331.9913330078125,4443.84423828125,2645.6962890625,3495.427490234375,1310.841064453125,69.59288787841797
2023-06-09 00:00:00+05:30,9254.6767578125,1321.9609375,4390.8486328125,2587.24658203125,3422.697998046875,1320.6273193359375,69.29722595214844
2023-06-12 00:00:00+05:30,9180.3251953125,1332.3289794921875,4415.14794921875,2614.998779296875,3431.586181640625,1324.185791015625,69.524658203125
2023-06-13 00:00:00+05:30,9148.65234375,1324.3719482421875,4402.4658203125,2634.67578125,3433.54541015625,1330.611083984375,70.07048797607422
2023-06-14 00:00:00+05:30,9163.0703125,1329.6766357421875,4378.630859375,2616.070068359375,3413.85791015625,1330.3638916015625,71.11665344238281
2023-06-15 00:00:00+05:30,9223.0029296875,1343.275634765625,4370.623046875,2537.050537109375,3378.161865234375,1317.5135498046875,71.57150268554688
2023-06-16 00:00:00+05:30,9231.5107421875,1353.9813232421875,4296.939453125,2527.234619140625,3382.175537109375,1337.2833251953125,74.77824401855469
2023-06-19 00:00:00+05:30,9162.58984375,1352.7275390625,4255.654296875,2483.10693359375,3341.796875,1322.5546875,76.39297485351562
2023-06-20 00:00:00+05:30,9124.236328125,1346.84423828125,4315.4990234375,2499.258544921875,3404.348388671875,1328.3375244140625,76.07456970214844
2023-06-21 00:00:00+05:30,9074.9716796875,1325.4327392578125,4304.529296875,2519.649169921875,3412.328857421875,1335.3558349609375,74.55081176757812
2023-06-22 00:00:00+05:30,9038.63671875,1329.724609375,4269.30810546875,2520.98779296875,3401.003662109375,1310.890625,74.5962905883789
2023-06-23 00:00:00+05:30,8965.8232421875,1324.4683837890625,4279.02783203125,2477.57421875,3382.462646484375,1286.2772216796875,73.504638671875
2023-06-26 00:00:00+05:30,9103.1845703125,1348.001708984375,4264.49462890625,2544.36767578125,3394.361083984375,1275.5025634765625,74.70999908447266
2023-06-27 00:00:00+05:30,9094.341796875,1352.5828857421875,4274.8154296875,2537.987548828125,3379.165283203125,1289.193115234375,74.41436004638672
2023-06-28 00:00:00+05:30,9170.9052734375,1345.44580078125,4365.76318359375,2524.28955078125,3387.8623046875,1314.745849609375,75.48326110839844
2023-06-30 00:00:00+05:30,9409.6767578125,1401.964111328125,4475.7109375,2596.883544921875,3421.55126953125,1310.3963623046875,76.1427993774414
2023-07-03 00:00:00+05:30,9298.125,1415.8043212890625,4398.533203125,2586.755615234375,3470.053955078125,1303.1802978515625,76.02908325195312
2023-07-04 00:00:00+05:30,9273.517578125,1412.4285888671875,4412.6044921875,2703.700439453125,3251.1474609375,1288.7484130859375,74.25515747070312
2023-07-05 00:00:00+05:30,9605.0517578125,1422.9415283203125,4665.07861328125,2818.280517578125,3163.174072265625,1304.61376953125,75.11936950683594
2023-07-06 00:00:00+05:30,9477.3017578125,1493.7823486328125,4691.45751953125,2830.6845703125,3079.50146484375,1299.3251953125,75.16485595703125
2023-07-07 00:00:00+05:30,9468.505859375,1508.5870361328125,4611.607421875,2809.35693359375,3043.757568359375,1306.788330078125,75.60388946533203
2023-07-10 00:00:00+05:30,9358.97265625,1496.2900390625,4672.6162109375,2787.493896484375,3033.34033203125,1294.18505859375,75.41902923583984
2023-07-11 00:00:00+05:30,9516.47265625,1513.6988525390625,4691.4091796875,2768.665283203125,3108.985107421875,1327.4478759765625,76.89783477783203
2023-07-12 00:00:00+05:30,9454.6162109375,1515.049072265625,4654.0126953125,2747.47119140625,3145.87548828125,1323.246826171875,78.46907043457031
2023-07-13 00:00:00+05:30,9273.6611328125,1511.2392578125,4642.56494140625,2742.340087890625,3112.9033203125,1314.44921875,78.70013427734375
2023-07-14 00:00:00+05:30,9231.462890625,1507.24365234375,4636.0302734375,2798.73779296875,3198.8701171875,1335.2076416015625,79.3702163696289
2023-07-17 00:00:00+05:30,9314.033203125,1497.254150390625,4610.796875,2758.848876953125,3201.5458984375,1327.4971923828125,79.67059326171875
2023-07-18 00:00:00+05:30,9291.060546875,1495.6947021484375,4636.98388671875,2780.979736328125,3200.9248046875,1330.660400390625,80.15582275390625
2023-07-19 00:00:00+05:30,9235.2119140625,1505.1968994140625,4601.734375,2763.355224609375,3182.67041015625,1318.7491455078125,80.040283203125
2023-07-20 00:00:00+05:30,9393.76953125,1506.0740966796875,4644.71142578125,2754.8779296875,3170.1982421875,1329.672119140625,81.19561004638672
2023-07-21 00:00:00+05:30,9391.4140625,1484.7794189453125,4638.98779296875,2768.174072265625,3168.669189453125,1327.4971923828125,84.03768920898438
2023-07-24 00:00:00+05:30,9319.080078125,1507.535888671875,4658.11474609375,2796.730224609375,3161.3583984375,1292.059814453125,84.3149642944336
2023-07-25 00:00:00+05:30,9380.4072265625,1525.9556884765625,4625.87060546875,2802.3076171875,3178.895263671875,1368.074951171875,84.47671508789062
2023-07-26 00:00:00+05:30,9378.244140625,1505.586669921875,4646.38037109375,2807.12548828125,3205.1298828125,1356.262451171875,83.69109344482422
2023-07-27 00:00:00+05:30,9375.6015625,1410.6136474609375,4627.8251953125,2830.814208984375,3180.52001953125,1340.199462890625,84.060791015625
2023-07-28 00:00:00+05:30,9295.529296875,1430.4949951171875,4667.41650390625,2862.894775390625,3206.611328125,1342.225830078125,82.85926818847656
2023-07-31 00:00:00+05:30,9440.150390625,1437.7069091796875,4704.52685546875,2891.0498046875,3216.455078125,1360.85888671875,85.03125762939453
2023-08-01 00:00:00+05:30,9340.1796875,1455.395751953125,4697.419921875,2799.365234375,3264.622802734375,1353.9393310546875,85.1236801147461
2023-08-02 00:00:00+05:30,9279.6689453125,1447.55029296875,4609.794921875,2701.318359375,3185.107666015625,1363.8739013671875,83.3445053100586
2023-08-03 00:00:00+05:30,9260.1669921875,1431.810791015625,4604.26171875,2664.274658203125,3230.026123046875,1347.563720703125,83.64488983154297
2023-08-04 00:00:00+05:30,9189.044921875,1427.4251708984375,4495.22021484375,2657.325927734375,3210.7685546875,1343.1649169921875,84.33806610107422
2023-08-07 00:00:00+05:30,9240.857421875,1488.093017578125,4455.24853515625,2665.76318359375,3207.232666015625,1324.8778076171875,84.59223937988281
2023-08-08 00:00:00+05:30,9259.05078125,1461.584228515625,4436.2158203125,2767.600341796875,3222.667236328125,1316.228515625,84.89261627197266
2023-08-09 00:00:00+05:30,9181.9609375,1495.7435302734375,4451.861328125,2761.102783203125,3261.46923828125,1324.5811767578125,86.67181396484375
2023-08-10 00:00:00+05:30,9118.4072265625,1506.122802734375,4423.28955078125,2739.62548828125,3263.47607421875,1334.07080078125,86.04793548583984
2023-08-11 00:00:00+05:30,9078.8671875,1507.1461181640625,4387.46630859375,2705.60498046875,3239.105224609375,1334.1202392578125,86.4638671875
2023-08-14 00:00:00+05:30,9044.7138671875,1507.535888671875,4404.30517578125,2716.840087890625,3226.060546875,1329.4249267578125,86.34832000732422
2023-08-16 00:00:00+05:30,9139.7060546875,1530.6822509765625,4388.9453125,2690.76025390625,3214.948974609375,1324.3341064453125,87.15704345703125
2023-08-17 00:00:00+05:30,9096.76953125,1533.508544921875,4443.5615234375,2699.152587890625,3187.1689453125,1321.269775390625,87.2956771850586
2023-08-18 00:00:00+05:30,9175.1201171875,1513.1884765625,4403.20751953125,2641.3984375,3236.59326171875,1325.965087890625,86.1403579711914
2023-08-21 00:00:00+05:30,9158.3818359375,1499.447021484375,4398.72412109375,2645.414306640625,3252.005126953125,1333.971923828125,86.34832000732422
2023-08-22 00:00:00+05:30,9209.90625,1511.0931396484375,4415.46630859375,2668.2001953125,3230.602294921875,1337.975341796875,86.83354949951172
2023-08-23 00:00:00+05:30,9315.7158203125,1503.247802734375,4446.328125,2663.688232421875,3244.709716796875,1339.7052001953125,86.6949234008789
2023-08-24 00:00:00+05:30,9289.2744140625,1503.0040283203125,4417.1357421875,2642.030029296875,3228.9111328125,1346.8223876953125,85.88619995117188
2023-08-25 00:00:00+05:30,9223.2958984375,1481.417236328125,4373.15673828125,2626.824462890625,3228.427978515625,1324.185791015625,85.9323959350586
2023-08-28 00:00:00+05:30,9312.5625,1509.875,4388.80224609375,2645.639892578125,3235.38525390625,1333.724853515625,86.6487045288086
2023-08-29 00:00:00+05:30,9335.4130859375,1521.1800537109375,4449.95361328125,2696.535400390625,3242.149169921875,1364.7139892578125,86.92598724365234
2023-08-30 00:00:00+05:30,9505.359375,1542.9619140625,4459.9228515625,2663.7783203125,3290.8486328125,1399.261962890625,86.78733825683594
2023-08-31 00:00:00+05:30,9706.59765625,1535.3602294921875,4401.5380859375,2631.381591796875,3224.03173828125,1403.5618896484375,84.96194458007812
2023-09-01 00:00:00+05:30,10024.3193359375,1551.4896240234375,4453.67431640625,2641.714111328125,3285.67919921875,1437.3682861328125,85.1236801147461
2023-09-04 00:00:00+05:30,10054.5927734375,1536.3349609375,4423.8134765625,2655.656494140625,3318.29052734375,1436.1326904296875,84.91572570800781
2023-09-05 00:00:00+05:30,9957.22265625,1531.2183837890625,4485.29931640625,2648.888427734375,3288.62646484375,1441.1246337890625,84.75397491455078
2023-09-06 00:00:00+05:30,9876.4462890625,1536.919677734375,4468.3173828125,2651.27978515625,3276.88623046875,1461.0428466796875,84.13011932373047
2023-09-07 00:00:00+05:30,9975.3193359375,1525.9556884765625,4500.18115234375,2671.94482421875,3287.66015625,1462.772705078125,84.10700988769531
2023-09-08 00:00:00+05:30,10025.0478515625,1527.7098388671875,4540.58251953125,2715.125244140625,3257.174560546875,1463.5140380859375,84.84640502929688
2023-09-11 00:00:00+05:30,10220.8994140625,1541.8900146484375,4585.27783203125,2756.275634765625,3289.640869140625,1471.86669921875,85.424072265625
2023-09-12 00:00:00+05:30,10191.548828125,1518.3538818359375,4598.82421875,2725.322509765625,3228.52490234375,1454.7657470703125,83.1596450805664
2023-09-13 00:00:00+05:30,10162.2470703125,1497.8875732421875,4587.08984375,2702.17578125,3208.28173828125,1437.6649169921875,82.95169067382812
2023-09-14 00:00:00+05:30,10176.5576171875,1526.1993408203125,4621.625,2705.78515625,3267.3203125,1447.1048583984375,83.13653564453125
2023-09-15 00:00:00+05:30,10212.5556640625,1560.4072265625,4894.466796875,2765.7509765625,3311.574951171875,1485.6068115234375,84.56912994384766
2023-09-18 00:00:00+05:30,10209.5,1599.7315673828125,4938.49365234375,2810.6904296875,3315.9716796875,1508.3914794921875,84.86951446533203
2023-09-20 00:00:00+05:30,10039.3583984375,1592.4710693359375,4944.50439453125,2763.04345703125,3325.102783203125,1494.7008056640625,84.2225341796875
2023-09-21 00:00:00+05:30,9978.7646484375,1543.0108642578125,4851.2509765625,2708.086669921875,3319.93359375,1481.6529541015625,82.88237762451172
2023-09-22 00:00:00+05:30,10222.162109375,1566.3033447265625,4770.97265625,2727.714111328125,3294.424072265625,1476.9080810546875,82.65131378173828
2023-09-25 00:00:00+05:30,10273.6357421875,1549.0531005859375,4775.169921875,2684.398193359375,3272.39306640625,1498.1114501953125,84.3149642944336
2023-09-26 00:00:00+05:30,10243.0234375,1554.6571044921875,4835.98779296875,2738.2275390625,3355.00830078125,1513.383544921875,82.99790954589844
2023-09-27 00:00:00+05:30,10363.4365234375,1548.8096923828125,4801.40478515625,2712.9599609375,3362.303955078125,1510.6650390625,82.85926818847656
2023-09-28 00:00:00+05:30,10251.4638671875,1516.502197265625,4776.267578125,2680.15673828125,3324.184814453125,1506.365234375,80.45621490478516
2023-09-29 00:00:00+05:30,10295.3701171875,1514.7479248046875,4830.740234375,2758.89208984375,3330.65869140625,1504.2894287109375,81.79637145996094
2023-10-03 00:00:00+05:30,10039.5048828125,1498.326171875,4785.6640625,2721.306884765625,3238.332275390625,1512.3948974609375,82.07364654541016
2023-10-04 00:00:00+05:30,9828.90234375,1483.4149169921875,4692.31591796875,2697.347900390625,3286.162109375,1478.8355712890625,79.92476654052734
2023-10-05 00:00:00+05:30,9906.8173828125,1498.8621826171875,4780.51220703125,2722.25439453125,3327.422119140625,1480.9114990234375,79.60127258300781
2023-10-06 00:00:00+05:30,9995.9853515625,1509.485107421875,4783.8994140625,2741.52099609375,3333.992431640625,1483.975830078125,79.43952941894531
2023-10-09 00:00:00+05:30,9940.4375,1476.6904296875,4776.9345703125,2666.711181640625,3329.3544921875,1504.981201171875,79.34710693359375
2023-10-10 00:00:00+05:30,10066.7705078125,1498.7646484375,4805.74560546875,2686.29345703125,3342.060791015625,1510.516845703125,80.22514343261719
2023-10-11 00:00:00+05:30,10102.7666015625,1516.745849609375,4831.408203125,2798.237548828125,3368.971435546875,1532.4119873046875,81.49600219726562
2023-10-12 00:00:00+05:30,10266.552734375,1526.832763671875,4871.6669921875,2786.866943359375,3376.31494140625,1579.4642333984375,80.64105987548828
2023-10-13 00:00:00+05:30,10408.845703125,1522.7393798828125,4819.9599609375,2796.0712890625,3359.115234375,1582.479248046875,81.24182891845703
2023-10-16 00:00:00+05:30,10386.4814453125,1534.531982421875,4843.14208984375,2852.51708984375,3368.971435546875,1583.27001953125,81.47288513183594
2023-10-17 00:00:00+05:30,10431.4052734375,1536.52978515625,4904.72216796875,2863.301025390625,3382.740478515625,1590.88134765625,81.61152648925781
2023-10-18 00:00:00+05:30,10467.9365234375,1534.8243408203125,4901.001953125,2845.432861328125,3378.150634765625,1582.1826171875,81.14939880371094
2023-10-19 00:00:00+05:30,10451.6845703125,1529.658935546875,5230.3681640625,2947.135009765625,3383.078369140625,1580.6505126953125,81.70394897460938
2023-10-20 00:00:00+05:30,10407.0029296875,1518.646240234375,5236.759765625,2897.86328125,3363.46337890625,1578.080322265625,79.57816314697266
2023-10-23 00:00:00+05:30,10240.1123046875,1525.3709716796875,5156.7197265625,2842.45556640625,3330.0791015625,1567.00927734375,78.79255676269531
2023-10-25 00:00:00+05:30,10274.2666015625,1529.220458984375,5101.29248046875,2834.333740234375,3270.218994140625,1556.7288818359375,78.33042907714844
2023-10-26 00:00:00+05:30,10114.4599609375,1467.8216552734375,5017.38916015625,2808.254150390625,3214.5625,1558.8541259765625,76.96715545654297
2023-10-27 00:00:00+05:30,10246.953125,1472.4022216796875,5126.3349609375,2808.4794921875,3280.316650390625,1573.5333251953125,77.70655059814453
2023-10-30 00:00:00+05:30,10088.7958984375,1459.732666015625,5064.6591796875,2806.81005859375,3244.37158203125,1590.288330078125,77.61412811279297
2023-10-31 00:00:00+05:30,10083.5556640625,1421.52880859375,5069.572265625,2786.957275390625,3184.36669921875,1572.4954833984375,77.49859619140625
2023-11-01 00:00:00+05:30,9923.89453125,1417.6304931640625,5098.478515625,2790.656982421875,3171.515380859375,1542.889892578125,76.29707336425781
2023-11-02 00:00:00+05:30,9997.490234375,1432.3466796875,5073.72216796875,2754.2451171875,3225.67431640625,1551.9842529296875,77.86830139160156
2023-11-03 00:00:00+05:30,9971.0009765625,1431.66455078125,5121.947265625,2787.90478515625,3312.34814453125,1580.699951171875,77.77587890625
2023-11-06 00:00:00+05:30,9979.296875,1450.47412109375,5158.103515625,2857.841552734375,3392.49951171875,1596.6640625,78.19178009033203
2023-11-07 00:00:00+05:30,9948.6845703125,1442.141357421875,5169.6943359375,2824.76806640625,3390.663818359375,1591.9686279296875,77.98383331298828
2023-11-08 00:00:00+05:30,10015.6337890625,1449.596923828125,5149.279296875,2826.4375,3430.52197265625,1627.9991455078125,80.20204162597656
2023-11-09 00:00:00+05:30,10091.3671875,1512.603759765625,5169.5986328125,2864.158203125,3422.4052734375,1627.949951171875,78.746337890625
2023-11-10 00:00:00+05:30,10080.1591796875,1485.3641357421875,5143.984375,2802.16259765625,3421.294189453125,1613.1717529296875,80.31757354736328
2023-11-13 00:00:00+05:30,10089.474609375,1501.1036376953125,5175.609375,2814.435546875,3522.41357421875,1629.086669921875,80.38688659667969
2023-11-15 00:00:00+05:30,10145.412109375,1504.904541015625,5281.9794921875,2867.722900390625,3718.46826171875,1653.8978271484375,80.75659942626953
2023-11-16 00:00:00+05:30,10173.0166015625,1529.6102294921875,5295.5263671875,2959.94921875,3707.307861328125,1664.771240234375,80.57173919677734
2023-11-17 00:00:00+05:30,10210.857421875,1544.27783203125,5372.41845703125,3009.31103515625,3734.894775390625,1727.4912109375,80.54863739013672
2023-11-20 00:00:00+05:30,10252.337890625,1512.75,5390.21044921875,3019.77880859375,3716.680419921875,1699.46728515625,79.5550537109375
2023-11-21 00:00:00+05:30,10222.162109375,1520.1080322265625,5424.36279296875,3046.986328125,3714.506591796875,1704.80517578125,82.28160095214844
2023-11-22 00:00:00+05:30,10182.7685546875,1504.222412109375,5486.9453125,3080.466064453125,3704.45751953125,1719.28662109375,82.44335174560547
2023-11-23 00:00:00+05:30,10176.8974609375,1506.5614013671875,5652.65380859375,3219.7978515625,3752.7705078125,1755.6138916015625,82.23539733886719
2023-11-24 00:00:00+05:30,10203.2412109375,1513.7244873046875,5657.47119140625,3202.291259765625,3719.193115234375,1779.2388916015625,82.32781982421875
2023-11-28 00:00:00+05:30,10224.490234375,1526.2479248046875,5722.2001953125,3268.52783203125,3697.596923828125,1803.1109619140625,82.69751739501953
2023-11-29 00:00:00+05:30,10284.357421875,1577.94970703125,5790.697265625,3381.239013671875,3683.634521484375,1842.2059326171875,83.85284423828125
2023-11-30 00:00:00+05:30,10293.52734375,1605.87158203125,5810.34912109375,3446.347900390625,3765.428466796875,1843.0460205078125,84.6384506225586
2023-12-01 00:00:00+05:30,10271.2099609375,1584.18701171875,5767.89599609375,3393.060546875,3759.921142578125,1887.8248291015625,81.47288513183594
2023-12-04 00:00:00+05:30,10284.5517578125,1614.740234375,5916.38623046875,3426.5400390625,4039.31591796875,1882.0419921875,80.61795043945312
2023-12-05 00:00:00+05:30,10403.3642578125,1643.1981201171875,5857.61962890625,3435.248291015625,3996.945068359375,1881.10302734375,80.84901428222656
2023-12-06 00:00:00+05:30,10310.0693359375,1659.132568359375,5790.697265625,3394.00830078125,3910.46435546875,1867.01708984375,81.6577377319336
2023-12-07 00:00:00+05:30,10378.8642578125,1649.6302490234375,5813.2587890625,3404.47607421875,3952.980224609375,1898.105224609375,82.16608428955078
2023-12-08 00:00:00+05:30,10303.0830078125,1626.1429443359375,5796.1826171875,3353.12890625,3918.19482421875,1880.806396484375,80.82591247558594
2023-12-11 00:00:00+05:30,10228.5654296875,1610.2083740234375,5855.998046875,3343.112060546875,3889.8349609375,1910.1646728515625,81.12628936767578
2023-12-12 00:00:00+05:30,10031.2578125,1593.83544921875,5966.47021484375,3381.46435546875,3818.42822265625,1915.502685546875,79.57816314697266
2023-12-13 00:00:00+05:30,10071.6689453125,1623.803955078125,6025.5224609375,3486.27978515625,3896.6953125,1999.0302734375,80.52552795410156
2023-12-14 00:00:00+05:30,10045.6181640625,1660.2532958984375,6043.40966796875,3504.643310546875,3948.293701171875,2025.176025390625,81.3342514038086
2023-12-15 00:00:00+05:30,9980.802734375,1681.1094970703125,5986.5048828125,3516.28466796875,3922.92919921875,1995.323486328125,80.54863739013672
2023-12-18 00:00:00+05:30,10013.0146484375,1667.319091796875,6168.240234375,3510.1484375,3947.665771484375,1976.64111328125,81.01077270507812
2023-12-19 00:00:00+05:30,9929.5703125,1656.16015625,6123.68798828125,3448.874755859375,3903.362548828125,1946.0469970703125,81.01077270507812
2023-12-20 00:00:00+05:30,9781.74609375,1605.091796875,6071.64794921875,3443.144775390625,3780.405517578125,1926.7713623046875,78.56148529052734
2023-12-21 00:00:00+05:30,9715.3779296875,1592.3248291015625,5958.9814453125,3474.4130859375,3824.4189453125,1923.3116455078125,78.26111602783203
2023-12-22 00:00:00+05:30,9913.609375,1592.714599609375,6078.9462890625,3551.614013671875,3870.896484375,1944.86083984375,79.4857406616211
2023-12-26 00:00:00+05:30,9965.5205078125,1620.0030517578125,6167.14306640625,3670.50634765625,3904.08740234375,1973.2305908203125,80.36377716064453
2023-12-27 00:00:00+05:30,9982.83984375,1645.0498046875,6400.966796875,3667.664306640625,3981.001953125,1990.430419921875,80.47931671142578
2023-12-28 00:00:00+05:30,9966.4404296875,1690.3680419921875,6394.90869140625,3765.9814453125,3953.849609375,1981.484619140625,81.01077270507812
2023-12-29 00:00:00+05:30,9996.27734375,1685.4464111328125,6484.537109375,3735.570068359375,4003.708984375,2002.4901123046875,83.8990478515625
2024-01-01 00:00:00+05:30,9977.7939453125,1660.009765625,6392.810546875,3716.619384765625,3902.106689453125,1995.8177490234375,85.9323959350586
2024-01-02 00:00:00+05:30,9894.78515625,1614.1068115234375,6358.41845703125,3689.2314453125,3761.177001953125,1946.491943359375,83.36760711669922
2024-01-03 00:00:00+05:30,9778.25390625,1613.180908203125,6665.080078125,3600.4794921875,3756.4423828125,1974.9112548828125,83.04411315917969
2024-01-04 00:00:00+05:30,9717.7548828125,1599.9752197265625,6603.69091796875,3561.766357421875,3730.73974609375,1959.787109375,83.13653564453125
2024-01-05 00:00:00+05:30,9719.4052734375,1600.2677001953125,6657.4482421875,3600.8857421875,3746.248291015625,1956.525146484375,82.92858123779297
2024-01-08 00:00:00+05:30,9651.1943359375,1575.0745849609375,6662.55224609375,3618.2119140625,3753.20556640625,2014.35205078125,82.32781982421875
2024-01-09 00:00:00+05:30,9726.2939453125,1588.4752197265625,6767.53857421875,3711.160400390625,3739.87109375,1995.66943359375,81.93501281738281
2024-01-10 00:00:00+05:30,9712.8076171875,1591.3016357421875,6729.23583984375,3734.216552734375,3712.912109375,1997.00390625,81.03387451171875
2024-01-11 00:00:00+05:30,9713.6806640625,1587.257080078125,6963.06005859375,3918.443115234375,3757.601806640625,2063.33203125,81.61152648925781
2024-01-12 00:00:00+05:30,9669.5810546875,1583.1636962890625,6966.017578125,3955.397216796875,3740.257568359375,2061.799560546875,81.63462829589844
2024-01-15 00:00:00+05:30,9787.228515625,1593.981689453125,6966.017578125,3945.696533203125,3702.814697265625,1998.33837890625,81.47288513183594
2024-01-16 00:00:00+05:30,9881.0078125,1579.16796875,6958.3857421875,3956.7509765625,3664.357666015625,2010.2496337890625,81.03387451171875
2024-01-17 00:00:00+05:30,9753.07421875,1557.093505859375,6836.2744140625,3944.29736328125,3624.547607421875,1993.5936279296875,79.20845794677734
2024-01-18 00:00:00+05:30,9629.6533203125,1576.146728515625,6757.712890625,3965.188720703125,3566.6201171875,1988.3546142578125,80.20204162597656
2024-01-19 00:00:00+05:30,9739.490234375,1613.473388671875,6808.2265625,3970.37744140625,3574.64013671875,2013.561279296875,79.64749908447266
2024-01-23 00:00:00+05:30,9567.505859375,1554.6571044921875,6769.44677734375,4010.4892578125,3494.681640625,1964.4825439453125,78.6770248413086
2024-01-24 00:00:00+05:30,9691.4609375,1586.720947265625,6881.01708984375,4000.968505859375,3512.364501953125,1977.926025390625,78.83877563476562
2024-01-25 00:00:00+05:30,9587.4462890625,1593.932861328125,7247.970703125,4008.63916015625,3494.440185546875,1918.7646484375,78.44595336914062
2024-01-29 00:00:00+05:30,9694.56640625,1598.3184814453125,7201.5107421875,4145.21923828125,3545.265869140625,1942.093017578125,80.27135467529297
2024-01-30 00:00:00+05:30,9655.9970703125,1579.16796875,7218.30126953125,4140.57177734375,3579.76123046875,1935.07470703125,79.78611755371094
2024-01-31 00:00:00+05:30,9884.2578125,1609.574951171875,7314.7978515625,4170.53125,3710.061767578125,1978.3214111328125,81.28803253173828
2024-02-01 00:00:00+05:30,10321.9072265625,1609.1851806640625,7303.54052734375,4139.0830078125,3800.50390625,1972.2916259765625,80.75659942626953
2024-02-02 00:00:00+05:30,10338.888671875,1618.5411376953125,7382.19775390625,4256.9375,3696.48583984375,2021.7657470703125,80.43309783935547
2024-02-05 00:00:00+05:30,10118.7275390625,1660.2532958984375,7305.92529296875,4283.42333984375,3758.712890625,2000.859130859375,82.8361587524414
2024-02-06 00:00:00+05:30,10522.66015625,1683.7408447265625,7365.21630859375,4316.63232421875,3811.51953125,2023.9403076171875,83.1596450805664
2024-02-07 00:00:00+05:30,10610.8125,1677.2598876953125,7347.5673828125,4325.5654296875,3795.14111328125,2040.201171875,82.16608428955078
2024-02-08 00:00:00+05:30,10424.7099609375,1643.052001953125,7400.37109375,4338.69580078125,3678.8515625,2010.3486328125,81.3342514038086
2024-02-09 00:00:00+05:30,10413.98828125,1604.555908203125,7426.70166015625,4429.79443359375,3711.365966796875,2014.1541748046875,80.15582275390625
2024-02-12 00:00:00+05:30,10391.5263671875,1618.248779296875,7469.7265625,4230.044921875,3741.223876953125,2012.32568359375,79.18535614013672
2024-02-13 00:00:00+05:30,10473.806640625,1604.8968505859375,7553.1533203125,4281.75390625,3724.1689453125,2020.727783203125,79.92476654052734
2024-02-14 00:00:00+05:30,10700.3212890625,1614.9351806640625,7711.42041015625,4344.24560546875,3769.921875,2063.925048828125,80.24824523925781
2024-02-15 00:00:00+05:30,10760.76953125,1720.1904296875,7749.34228515625,4346.8623046875,3784.415771484375,2068.916748046875,80.64105987548828
2024-02-16 00:00:00+05:30,11042.30078125,1788.8985595703125,7942.04833984375,4416.6640625,3796.107421875,2114.140380859375,80.5024185180664
2024-02-19 00:00:00+05:30,11142.19140625,1801.568115234375,8118.2041015625,4379.03369140625,3771.17822265625,2096.00146484375,79.57816314697266
2024-02-20 00:00:00+05:30,11106.388671875,1806.53857421875,7913.572265625,4208.2529296875,3698.949951171875,2093.826904296875,79.92476654052734
2024-02-21 00:00:00+05:30,11125.2109375,1812.385986328125,7853.5185546875,4181.97021484375,3706.921630859375,2069.4111328125,79.16226196289062
2024-02-22 00:00:00+05:30,11311.4580078125,1861.79736328125,8107.4716796875,4145.35888671875,3818.090087890625,2104.15673828125,79.94786834716797
2024-02-23 00:00:00+05:30,11192.888671875,1880.899169921875,8048.80078125,4167.58447265625,3794.561767578125,2091.602783203125,80.40999603271484
2024-02-26 00:00:00+05:30,11126.3271484375,1880.753173828125,8059.3427734375,4146.2353515625,3819.587646484375,2137.221923828125,80.40999603271484
2024-02-27 00:00:00+05:30,11158.9775390625,1901.0244140625,8074.1298828125,4085.3251953125,3867.70751953125,2108.604736328125,80.40999603271484
2024-02-28 00:00:00+05:30,10821.4609375,1853.318603515625,7811.923828125,4034.605224609375,3733.39697265625,2070.448974609375,78.23800659179688
2024-02-29 00:00:00+05:30,10952.984375,1883.287109375,7545.47412109375,4082.051513671875,3664.453857421875,2114.5849609375,78.51527404785156
2024-03-01 00:00:00+05:30,11275.7041015625,1922.8062744140625,7670.16064453125,4156.37939453125,3713.87890625,2216.79541015625,79.46263122558594
2024-03-04 00:00:00+05:30,11249.7001953125,1872.2254638671875,7829.7158203125,4252.84033203125,3624.885986328125,2206.663330078125,79.50885772705078
2024-03-05 00:00:00+05:30,11323.8779296875,1889.962890625,7967.52099609375,4232.828125,3663.970947265625,2254.654541015625,79.43952941894531
2024-03-06 00:00:00+05:30,11223.4052734375,1920.5648193359375,8209.8828125,4274.603515625,3665.227294921875,2253.76513671875,78.88497161865234
2024-03-07 00:00:00+05:30,11168.09765625,1849.3226318359375,8470.5615234375,4290.833984375,3657.54541015625,2233.698486328125,79.04672241210938
2024-03-11 00:00:00+05:30,11057.0,1846.2039794921875,8261.017578125,4308.17138671875,3656.240966796875,2242.249267578125,78.37663269042969
2024-03-12 00:00:00+05:30,11167.953125,1846.9837646484375,8135.37548828125,4296.3671875,3682.185302734375,2216.79541015625,77.31375885009766
2024-03-13 00:00:00+05:30,11051.7607421875,1806.5872802734375,7999.146484375,4160.99072265625,3609.522216796875,2121.55419921875,73.84779357910156
2024-03-14 00:00:00+05:30,11065.78125,1842.5006103515625,7997.857421875,4311.49072265625,3645.370361328125,2125.063232421875,75.83494567871094
2024-03-15 00:00:00+05:30,11135.69140625,1753.7647705078125,7966.51953125,4228.49365234375,3619.28125,2042.672119140625,74.79515838623047
2024-03-18 00:00:00+05:30,11290.59765625,1808.8775634765625,8129.74658203125,4199.814453125,3574.88134765625,2008.074951171875,75.16485595703125
2024-03-19 00:00:00+05:30,11252.5126953125,1797.0362548828125,8242.7001953125,4188.3330078125,3591.453369140625,2026.28564453125,74.77205657958984
2024-03-20 00:00:00+05:30,11586.3916015625,1797.5235595703125,8238.3115234375,4159.46826171875,3742.914794921875,2019.487548828125,74.65652465820312
2024-03-21 00:00:00+05:30,11554.37109375,1818.4283447265625,8348.021484375,4168.18408203125,3786.73486328125,2039.43505859375,77.10580444335938
2024-03-22 00:00:00+05:30,11971.1611328125,1831.04931640625,8533.7158203125,4319.51416015625,3853.841552734375,2035.21728515625,77.01335906982422
2024-03-26 00:00:00+05:30,11886.5986328125,1816.5765380859375,8548.3115234375,4307.6640625,3779.149658203125,2067.123046875,77.91451263427734
2024-03-27 00:00:00+05:30,12138.6806640625,1833.339599609375,8740.9716796875,4216.73681640625,3781.758544921875,2107.017333984375,78.09935760498047
2024-03-28 00:00:00+05:30,12226.0068359375,1872.517822265625,8727.2822265625,4354.83349609375,3883.69921875,2135.49951171875,79.13915252685547
2024-04-01 00:00:00+05:30,12196.169921875,1867.255126953125,8626.158203125,4316.5166015625,3813.5,2122.846435546875,80.71036529541016
2024-04-02 00:00:00+05:30,12179.5302734375,1921.8316650390625,8849.3447265625,4205.9013671875,3789.875,2134.209228515625,81.5653076171875
2024-04-03 00:00:00+05:30,12058.630859375,1938.7408447265625,8662.6962890625,4202.58154296875,3801.47021484375,2088.409912109375,82.84906005859375
2024-04-04 00:00:00+05:30,12193.890625,1951.80029296875,8725.3740234375,4170.99609375,3878.867919921875,2070.84423828125,82.25473022460938
2024-04-05 00:00:00+05:30,12052.56640625,1962.1309814453125,8595.009765625,4172.79443359375,3895.245849609375,2053.67578125,83.68110656738281
2024-04-08 00:00:00+05:30,12482.890625,2025.2840576171875,8615.044921875,4237.53125,4063.85888671875,2116.7431640625,84.25166320800781
2024-04-09 00:00:00+05:30,12505.1103515625,2037.75830078125,8565.8173828125,4169.84375,4105.3115234375,2083.1005859375,83.70488739013672
2024-04-10 00:00:00+05:30,12305.958984375,2023.4322509765625,8591.2421875,4145.12841796875,4169.52001953125,2081.463134765625,84.86975860595703
2024-04-12 00:00:00+05:30,11902.1240234375,2018.3157958984375,8647.8134765625,4095.238525390625,4157.10302734375,2031.2972412109375,84.79844665527344
2024-04-15 00:00:00+05:30,12053.779296875,2001.2603759765625,8583.1318359375,4040.27685546875,4077.0,1984.9520263671875,83.13433074951172
2024-04-16 00:00:00+05:30,12131.2578125,1979.6734619140625,8508.8173828125,3986.512939453125,4208.75048828125,1960.588623046875,83.77619934082031
2024-04-18 00:00:00+05:30,12036.4609375,1973.4847412109375,8606.267578125,3920.484130859375,4204.40234375,1925.953857421875,80.68569946289062
2024-04-19 00:00:00+05:30,12333.3212890625,2029.9619140625,8399.44140625,3885.810546875,4197.58984375,1884.620361328125,80.51930236816406
2024-04-22 00:00:00+05:30,12405.65625,2037.5147705078125,8391.09375,3976.36865234375,4316.2470703125,1928.4844970703125,82.1120834350586
2024-04-23 00:00:00+05:30,12610.14453125,2010.177978515625,8391.1416015625,4006.939453125,4367.65185546875,1938.2596435546875,83.03923034667969
2024-04-24 00:00:00+05:30,12559.4951171875,2006.1331787109375,8296.982421875,4051.481201171875,4377.84619140625,1949.37451171875,84.44184112548828
2024-04-25 00:00:00+05:30,12538.5859375,2043.5574951171875,8333.044921875,4148.26416015625,4459.49560546875,1990.5096435546875,84.48938751220703
2024-04-26 00:00:00+05:30,12325.9462890625,1992.927734375,8561.4296875,4142.0859375,4445.77392578125,2001.1778564453125,87.96025085449219
2024-04-29 00:00:00+05:30,12312.84765625,2009.6419677734375,8357.083984375,4110.82421875,4417.607421875,2021.1251220703125,88.12666320800781
2024-04-30 00:00:00+05:30,12436.7060546875,2101.545166015625,8494.03125,4189.5322265625,4442.29541015625,2044.3472900390625,91.5975341796875
2024-05-02 00:00:00+05:30,12424.916015625,2129.613037109375,8691.5068359375,4206.5458984375,4447.126953125,2057.198974609375,95.73404693603516
2024-05-03 00:00:00+05:30,12121.021484375,2137.263671875,8686.6884765625,4198.47705078125,4444.08349609375,2037.15234375,96.18573760986328
2024-05-06 00:00:00+05:30,12069.7421875,2168.401611328125,8636.080078125,4158.82373046875,4443.841796875,2041.2213134765625,95.49632263183594
2024-05-07 00:00:00+05:30,11996.7275390625,2135.8017578125,8278.666015625,4128.3916015625,4466.4521484375,1964.5582275390625,92.28694915771484
2024-05-08 00:00:00+05:30,12170.89453125,2126.932861328125,8346.876953125,4254.86865234375,4444.904296875,1981.4786376953125,94.30766296386719
2024-05-09 00:00:00+05:30,12133.150390625,2156.316650390625,8439.8427734375,4394.11865234375,4413.935546875,2047.9200439453125,92.54844665527344
2024-05-10 00:00:00+05:30,12298.9248046875,2137.312255859375,8568.583984375,4497.86474609375,4500.7060546875,2047.8704833984375,94.28388977050781
2024-05-13 00:00:00+05:30,12297.322265625,2128.736328125,8578.6015625,4505.38037109375,4500.3193359375,2052.882080078125,94.78311920166016
2024-05-14 00:00:00+05:30,12433.50390625,2212.209228515625,8648.1953125,4650.9931640625,4570.95361328125,2118.5791015625,97.25552368164062
2024-05-15 00:00:00+05:30,12387.99609375,2243.785888671875,8493.5537109375,4663.76611328125,4492.49267578125,2083.99365234375,95.75782012939453
2024-05-16 00:00:00+05:30,12126.3583984375,2311.470458984375,8463.6923828125,4741.275390625,4523.7998046875,2111.7314453125,98.25398254394531
2024-05-17 00:00:00+05:30,12265.9345703125,2450.690185546875,8376.736328125,4693.18310546875,4535.53955078125,2167.851806640625,98.82453918457031
2024-05-21 00:00:00+05:30,12102.7314453125,2458.535400390625,8414.896484375,4660.583984375,4515.29638671875,2139.5185546875,100.48865509033203
2024-05-22 00:00:00+05:30,12159.0556640625,2456.97607421875,8400.443359375,4607.189453125,4537.03759765625,2126.02197265625,98.9909439086914
2024-05-23 00:00:00+05:30,12550.6181640625,2542.8857421875,8551.0791015625,4744.826171875,4689.12744140625,2158.6220703125,100.96411895751953
2024-05-24 00:00:00+05:30,12614.2197265625,2514.184326171875,8536.53125,4720.0185546875,4716.279296875,2221.4912109375,100.17960357666016
2024-05-27 00:00:00+05:30,12522.6728515625,2484.313232421875,8584.70703125,4688.2958984375,4631.5859375,2232.45703125,107.78697204589844
2024-05-28 00:00:00+05:30,12437.7724609375,2487.919189453125,8576.1689453125,4780.560546875,4609.990234375,2234.541015625,107.8582992553711
2024-05-29 00:00:00+05:30,12408.712890625,2469.255859375,8652.91796875,4743.48828125,4585.30224609375,2236.724609375,105.38589477539062
2024-05-30 00:00:00+05:30,12223.7265625,2430.12646484375,8555.896484375,4736.34130859375,4582.93505859375,2213.8994140625,104.4825210571289
2024-05-31 00:00:00+05:30,12030.9296875,2442.55224609375,8666.7978515625,4721.2177734375,4573.75634765625,2162.691162109375,106.50322723388672
2024-06-03 00:00:00+05:30,12105.4970703125,2567.055419921875,8905.96484375,4759.02734375,4513.26806640625,2232.90380859375,112.44650268554688
2024-06-04 00:00:00+05:30,11814.3125,2507.50830078125,8821.345703125,4897.44775390625,4343.73681640625,2194.646728515625,98.77698516845703
2024-06-05 00:00:00+05:30,12131.16015625,2671.287353515625,9160.490234375,5218.18310546875,4424.51611328125,2333.93017578125,106.57453918457031
2024-06-06 00:00:00+05:30,12296.984375,2631.23193359375,9255.126953125,5103.60205078125,4560.517578125,2379.9775390625,107.31150817871094
2024-06-07 00:00:00+05:30,12430.3017578125,2784.826416015625,9278.1171875,5147.49755859375,4601.34228515625,2389.35546875,110.04541015625
2024-06-10 00:00:00+05:30,12339.724609375,2736.194580078125,9285.2724609375,5276.9267578125,4621.39208984375,2418.333984375,110.0311508178711
2024-06-11 00:00:00+05:30,12481.484375,2763.483154296875,9361.2578125,5336.3154296875,4598.10498046875,2423.891357421875,113.14066314697266
2024-06-12 00:00:00+05:30,12467.609375,2716.702880859375,9448.5966796875,5339.634765625,4687.00146484375,2402.108154296875,113.17869567871094
2024-06-13 00:00:00+05:30,12465.1826171875,2788.968505859375,9466.8662109375,5363.42724609375,4639.50927734375,2423.09716796875,112.5843734741211
2024-06-14 00:00:00+05:30,12463.5830078125,2854.168212890625,9580.6884765625,5352.54541015625,4768.6025390625,2484.824951171875,114.03453063964844
2024-06-18 00:00:00+05:30,12187.77734375,2886.62158203125,9538.8046875,5307.03564453125,4769.56884765625,2452.373046875,113.74925994873047
2024-06-19 00:00:00+05:30,11878.400390625,2859.28466796875,9315.294921875,5208.22314453125,4716.0859375,2419.22705078125,111.2625961303711
2024-06-20 00:00:00+05:30,11788.5517578125,2798.226806640625,9263.5517578125,5076.2587890625,4712.36572265625,2409.50146484375,112.61766052246094
2024-06-21 00:00:00+05:30,11839.0068359375,2767.77099609375,9234.9404296875,5027.75244140625,4682.025390625,2416.89501953125,112.04234313964844
2024-06-24 00:00:00+05:30,11821.443359375,2841.693359375,9372.470703125,5094.564453125,4706.568359375,2421.162109375,114.25324249267578
2024-06-25 00:00:00+05:30,11756.6279296875,2835.455810546875,9290.43359375,5081.23828125,4613.95166015625,2396.352294921875,114.99496459960938
2024-06-26 00:00:00+05:30,11835.8525390625,2779.027587890625,9112.2216796875,5028.673828125,4579.794921875,2358.6904296875,114.20094299316406
2024-06-27 00:00:00+05:30,11816.931640625,2815.52587890625,9057.208984375,5058.3681640625,4554.7685546875,2326.338134765625,115.1375961303711
2024-06-28 00:00:00+05:30,11676.3369140625,2793.79248046875,9138.1884765625,5145.4228515625,4515.29638671875,2346.881103515625,115.00922393798828
2024-07-01 00:00:00+05:30,11748.9150390625,2802.7587890625,9167.76171875,5167.09375,4479.158203125,2336.708984375,113.5305404663086
2024-07-02 00:00:00+05:30,11684.826171875,2792.33056640625,9041.62890625,5133.8955078125,4469.68896484375,2320.582275390625,111.50508117675781
2024-07-03 00:00:00+05:30,11763.470703125,2804.805419921875,9061.970703125,5145.5615234375,4533.99365234375,2297.012939453125,109.10400390625
2024-07-04 00:00:00+05:30,11730.4296875,2829.023681640625,9098.9482421875,5125.826171875,4531.2880859375,2347.972412109375,107.98191833496094
2024-07-05 00:00:00+05:30,11744.4501953125,2827.94384765625,9267.20703125,5125.548828125,4577.4755859375,2411.6845703125,109.14678955078125
2024-07-08 00:00:00+05:30,11666.3916015625,2799.228515625,9164.876953125,5073.7685546875,4594.046875,2380.02734375,107.4779281616211
2024-07-09 00:00:00+05:30,12446.6025390625,2872.023193359375,9169.396484375,5154.2294921875,4665.79248046875,2419.673583984375,108.53820037841797
2024-07-10 00:00:00+05:30,12393.3330078125,2682.060302734375,9177.4287109375,5080.0859375,4685.55224609375,2421.7080078125,107.43989562988281
2024-07-11 00:00:00+05:30,12337.4443359375,2648.73095703125,9104.671875,5096.224609375,4665.74365234375,2456.888671875,107.90108489990234
2024-07-12 00:00:00+05:30,12189.28125,2654.52294921875,9070.0,5115.26708984375,4696.712890625,2420.9140625,106.62684631347656
2024-07-15 00:00:00+05:30,12268.3125,2681.127685546875,9303.3193359375,5170.09130859375,4716.666015625,2432.2275390625,108.50016784667969
2024-07-16 00:00:00+05:30,12264.0419921875,2706.357666015625,9346.5986328125,5144.0390625,4750.2431640625,2436.74267578125,108.60002136230469
2024-07-18 00:00:00+05:30,12268.4091796875,2767.91162109375,9257.9736328125,5074.0458984375,4774.39990234375,2389.30615234375,108.56198120117188
2024-07-19 00:00:00+05:30,12152.216796875,2699.0439453125,9027.009765625,5005.34326171875,4687.05029296875,2386.279541015625,106.47946166992188
2024-07-22 00:00:00+05:30,12265.69140625,2753.48046875,9049.755859375,5038.03466796875,4693.4755859375,2407.66552734375,109.6888198852539
2024-07-23 00:00:00+05:30,12253.853515625,2769.77685546875,9023.5966796875,5084.51220703125,4753.57666015625,2453.415283203125,109.1800765991211
2024-07-24 00:00:00+05:30,12116.2666015625,2754.216796875,8905.974609375,4996.1669921875,4749.5185546875,2430.9375,110.5446548461914
2024-07-25 00:00:00+05:30,12137.564453125,2760.0087890625,8923.333984375,4982.74951171875,4735.31494140625,2430.689208984375,110.51136016845703
2024-07-26 00:00:00+05:30,12287.474609375,2835.012451171875,9129.7734375,5052.55859375,4843.39111328125,2488.943359375,117.14405059814453
2024-07-29 00:00:00+05:30,12372.71484375,2879.385986328125,9192.046875,5002.25390625,4794.83642578125,2465.72119140625,121.88438415527344
2024-07-30 00:00:00+05:30,12491.1875,2868.685546875,9198.4892578125,5020.6513671875,4784.78759765625,2477.72900390625,120.57211303710938
2024-07-31 00:00:00+05:30,12726.142578125,2854.646728515625,9294.5205078125,5061.36572265625,4795.27197265625,2511.7685546875,122.2362289428711
2024-08-01 00:00:00+05:30,12962.166015625,2776.697998046875,9358.2841796875,4990.2080078125,4801.16552734375,2564.564208984375,118.9603042602539
2024-08-02 00:00:00+05:30,12464.9462890625,2699.387451171875,9248.357421875,4899.4951171875,4567.2333984375,2549.876708984375,118.9365234375
2024-08-05 00:00:00+05:30,11950.1923828125,2629.97998046875,9122.22265625,4815.6103515625,4518.00244140625,2474.40478515625,116.01244354248047
2024-08-06 00:00:00+05:30,11881.8759765625,2584.82080078125,9066.779296875,4806.22802734375,4496.88916015625,2459.965087890625,115.60830688476562
2024-08-07 00:00:00+05:30,12117.3369140625,2631.84521484375,9336.8369140625,4868.79296875,4491.271484375,2554.987548828125,117.58147430419922
2024-08-08 00:00:00+05:30,11967.8232421875,2633.90673828125,9272.49609375,4792.38671875,4471.48828125,2509.833251953125,117.10601043701172
2024-08-09 00:00:00+05:30,11973.0634765625,2698.896728515625,9392.37890625,4837.25537109375,4719.34521484375,2561.835205078125,120.33914947509766
2024-08-12 00:00:00+05:30,12021.10546875,2667.972412109375,9339.3857421875,4934.470703125,4698.04736328125,2558.411376953125,119.83991241455078
2024-08-13 00:00:00+05:30,11926.0986328125,2668.365234375,9301.63671875,4872.833984375,4691.64794921875,2615.772216796875,119.67349243164062
2024-08-14 00:00:00+05:30,11954.89453125,2695.068115234375,9376.6533203125,4712.07861328125,4624.2373046875,2585.702392578125,117.17732238769531
2024-08-16 00:00:00+05:30,11962.3876953125,2788.527587890625,9509.904296875,4763.775390625,4707.03515625,2580.492431640625,121.69420623779297
2024-08-19 00:00:00+05:30,11900.19140625,2714.60400390625,9396.8994140625,4820.2548828125,4702.44384765625,2587.78662109375,122.4311752319336
2024-08-20 00:00:00+05:30,11964.0029296875,2720.641845703125,9405.6025390625,4871.81201171875,4770.78271484375,2616.169189453125,123.61981964111328
2024-08-21 00:00:00+05:30,11969.880859375,2718.776611328125,9475.13671875,4909.24951171875,4800.38427734375,2611.5048828125,123.73868560791016
2024-08-22 00:00:00+05:30,12024.1416015625,2682.99267578125,9534.9580078125,4951.28466796875,4819.923828125,2685.686767578125,124.4518814086914
2024-08-23 00:00:00+05:30,12049.55859375,2708.566650390625,10008.3779296875,5002.33056640625,4785.29052734375,2745.975341796875,123.81000518798828
2024-08-26 00:00:00+05:30,11992.2607421875,2742.04345703125,10033.478515625,4964.10400390625,4762.91845703125,2754.113037109375,123.6911392211914
2024-08-27 00:00:00+05:30,12240.1611328125,2729.968017578125,10099.8876953125,4975.994140625,4756.71435546875,2720.272216796875,124.64205932617188
2024-08-28 00:00:00+05:30,12103.6240234375,2746.853759765625,10249.1025390625,4934.05224609375,4832.91748046875,2716.451416015625,123.83378601074219
2024-08-29 00:00:00+05:30,12197.9462890625,2707.1923828125,10394.4228515625,4992.6689453125,4802.6806640625,2730.642822265625,120.67196655273438
2024-08-30 00:00:00+05:30,12148.1904296875,2754.118408203125,10474.921875,5067.82177734375,4846.25341796875,2791.923583984375,121.93193817138672
2024-09-02 00:00:00+05:30,12172.0888671875,2726.237548828125,10700.498046875,5181.8974609375,4798.82177734375,2769.495361328125,119.50709533691406
2024-09-03 00:00:00+05:30,12142.41015625,2733.9443359375,10621.203125,5245.34521484375,4753.734375,2761.456787109375,119.3406753540039
2024-09-04 00:00:00+05:30,12082.810546875,2699.33837890625,10544.3115234375,5279.9482421875,4722.22705078125,2753.815185546875,119.10294342041016
2024-09-05 00:00:00+05:30,12045.9345703125,2673.322998046875,10440.490234375,5326.81396484375,4689.5478515625,2740.71533203125,119.41199493408203
2024-09-06 00:00:00+05:30,11935.794921875,2648.780029296875,10415.8212890625,5335.6865234375,4643.0439453125,2731.386962890625,117.81919860839844
2024-09-09 00:00:00+05:30,11896.224609375,2659.33349609375,10432.65234375,5337.12548828125,4638.01220703125,2744.08984375,115.96489715576172
2024-09-10 00:00:00+05:30,12011.4580078125,2640.827880859375,10567.44140625,5266.89697265625,4628.0966796875,2734.06640625,118.03315734863281
2024-09-11 00:00:00+05:30,11991.0849609375,2605.7314453125,10983.8779296875,5252.73046875,4617.7890625,2738.68115234375,114.84757995605469
2024-09-12 00:00:00+05:30,12146.083984375,2690.79736328125,11275.0478515625,5390.8662109375,4762.72265625,2801.401123046875,117.0346908569336
2024-09-13 00:00:00+05:30,12063.0263671875,2689.030517578125,11288.17578125,5384.0380859375,4746.4072265625,2807.15673828125,116.79695129394531
2024-09-16 00:00:00+05:30,12036.5322265625,2706.99560546875,11241.2412109375,5368.85009765625,4786.36572265625,2820.1572265625,115.91736602783203
2024-09-17 00:00:00+05:30,11994.1708984375,2736.69287109375,11493.171875,5537.6875,4738.49365234375,2797.33203125,114.49097442626953
2024-09-18 00:00:00+05:30,11953.3759765625,2756.8671875,11314.6240234375,5540.9853515625,4738.64013671875,2763.59033203125,112.18498992919922
2024-09-19 00:00:00+05:30,12097.748046875,2746.36279296875,11414.01953125,5579.35107421875,4752.85498046875,2749.5478515625,112.94572448730469
2024-09-20 00:00:00+05:30,12355.345703125,2896.909912109375,11484.9013671875,5586.03955078125,4848.84228515625,2794.2060546875,113.08837127685547
2024-09-23 00:00:00+05:30,12422.53515625,2994.051025390625,11866.9541015625,5750.7431640625,4767.16796875,2823.5810546875,112.42271423339844
2024-09-24 00:00:00+05:30,12476.8955078125,3018.103271484375,11967.650390625,5691.0576171875,4764.57861328125,2846.902587890625,112.82686614990234
2024-09-25 00:00:00+05:30,12522.6357421875,3034.547119140625,11923.0244140625,5655.75732421875,4782.50634765625,2849.681396484375,113.32609558105469
2024-09-26 00:00:00+05:30,13108.8408203125,3122.950927734375,12138.8408203125,5621.525390625,4879.22607421875,2869.13232421875,114.68115234375
2024-09-27 00:00:00+05:30,13218.3427734375,3125.4541015625,12181.87890625,5534.111328125,4946.001953125,2927.286865234375,113.89665222167969
2024-09-30 00:00:00+05:30,12966.03515625,3038.326416015625,11873.6875,5306.56298828125,4910.4892578125,2818.271728515625,111.9234848022461
2024-10-01 00:00:00+05:30,12895.5146484375,3107.635986328125,11692.3984375,5341.58447265625,4858.12353515625,2817.08056640625,113.22150421142578
2024-10-03 00:00:00+05:30,12387.51953125,3072.6376953125,11354.82421875,5260.44091796875,4672.35302734375,2704.889892578125,109.6888198852539
2024-10-04 00:00:00+05:30,12346.775390625,2962.292236328125,11324.0,5128.6220703125,4598.396484375,2667.079345703125,107.16411590576172
2024-10-07 00:00:00+05:30,12270.1328125,3004.2607421875,11172.6689453125,5110.693359375,4560.44140625,2617.806640625,105.75199890136719
2024-10-08 00:00:00+05:30,12274.4912109375,3107.979736328125,11434.3115234375,5136.98291015625,4585.35400390625,2719.726318359375,105.7757797241211
2024-10-09 00:00:00+05:30,12498.5419921875,3095.364501953125,11366.0283203125,5159.97412109375,4600.44775390625,2761.4072265625,105.46672821044922
2024-10-10 00:00:00+05:30,12678.173828125,3135.90966796875,11379.3974609375,5068.47216796875,4589.70166015625,2772.27392578125,107.31150817871094
2024-10-11 00:00:00+05:30,12514.1640625,3077.0556640625,11422.6279296875,5087.23681640625,4619.15673828125,2773.117431640625,108.33851623535156
2024-10-14 00:00:00+05:30,12280.26953125,3097.229736328125,11444.1220703125,5160.6708984375,4669.71533203125,2808.893310546875,108.7426528930664
2024-10-15 00:00:00+05:30,12191.041015625,3098.113525390625,11080.7734375,5114.50146484375,4613.34375,2812.069091796875,107.59679412841797
2024-10-16 00:00:00+05:30,12129.482421875,3011.918212890625,11172.5732421875,5014.685546875,4570.50390625,2753.071044921875,106.67439270019531
2024-10-17 00:00:00+05:30,11894.265625,2910.408447265625,9732.3564453125,4846.77734375,4517.35693359375,2658.89208984375,104.3921890258789
2024-10-18 00:00:00+05:30,11856.41015625,2910.064697265625,9678.9794921875,4845.61572265625,4655.89111328125,2695.263427734375,106.16089630126953
2024-10-21 00:00:00+05:30,11925.7568359375,2943.39404296875,10098.830078125,4869.81494140625,4699.6591796875,2716.89794921875,103.55538177490234
2024-10-22 00:00:00+05:30,11678.3447265625,2834.423095703125,9971.7353515625,4808.0859375,4649.44287109375,2642.26953125,101.07347106933594
2024-10-23 00:00:00+05:30,11710.5703125,2742.43603515625,10181.7802734375,4780.12451171875,4570.015625,2543.475830078125,101.80091857910156
2024-10-24 00:00:00+05:30,11522.0244140625,2774.685546875,9908.404296875,4750.30517578125,4560.97900390625,2463.48828125,103.29862213134766
2024-10-25 00:00:00+05:30,11266.5322265625,2671.114013671875,9815.69140625,4619.97265625,4485.85009765625,2431.185546875,101.74862670898438
2024-10-28 00:00:00+05:30,11247.3349609375,2730.16455078125,9628.2958984375,4577.705078125,4611.92724609375,2443.64013671875,100.74539184570312
2024-10-29 00:00:00+05:30,10819.068359375,2696.687744140625,9474.0302734375,4447.32666015625,4785.33935546875,2428.605224609375,98.96717834472656
2024-10-30 00:00:00+05:30,11025.1953125,2658.204345703125,9560.396484375,4560.51953125,4757.10498046875,2440.216064453125,99.55675506591797
2024-10-31 00:00:00+05:30,10848.8935546875,2678.673095703125,9460.037109375,4635.06787109375,4781.919921875,2474.751953125,98.9814453125
2024-11-01 00:00:00+05:30,10881.75390625,2766.14453125,9498.1708984375,4663.81982421875,4839.5126953125,2490.630126953125,99.49018859863281
2024-11-04 00:00:00+05:30,10825.38671875,2831.232666015625,9161.173828125,4464.60498046875,4720.56640625,2393.821533203125,99.23343658447266
2024-11-05 00:00:00+05:30,10940.619140625,2846.44921875,9497.1123046875,4478.2138671875,4786.951171875,2439.719970703125,100.72161865234375
2024-11-06 00:00:00+05:30,11120.986328125,2880.90771484375,9637.19140625,4545.19140625,4803.90185546875,2467.010986328125,102.51410675048828
2024-11-07 00:00:00+05:30,11067.998046875,2838.497314453125,9479.609375,4473.84814453125,4765.6533203125,2460.610107421875,102.65199279785156
2024-11-08 00:00:00+05:30,11070.7890625,2920.52001953125,9531.3037109375,4430.09423828125,4675.03955078125,2449.14794921875,105.50000762939453
2024-11-11 00:00:00+05:30,11165.501953125,2877.030029296875,9539.91015625,4419.50390625,4683.05126953125,2441.80419921875,106.66488647460938
2024-11-12 00:00:00+05:30,10914.173828125,2845.565673828125,9308.4658203125,4388.5703125,4629.0732421875,2421.7578125,105.13389587402344
2024-11-13 00:00:00+05:30,10822.5947265625,2747.786376953125,9090.58203125,4198.50537109375,4483.01708984375,2367.622314453125,103.37471008300781
2024-11-14 00:00:00+05:30,10779.9384765625,2755.8857421875,9120.2041015625,4276.90966796875,4771.22265625,2377.94287109375,103.4460220336914
2024-11-18 00:00:00+05:30,10866.0341796875,2794.85986328125,9152.4697265625,4396.74462890625,4763.357421875,2397.642333984375,104.72025299072266
2024-11-19 00:00:00+05:30,10734.1494140625,2895.04443359375,9180.552734375,4436.50390625,4851.08984375,2410.79150390625,106.20288848876953
2024-11-21 00:00:00+05:30,10638.310546875,2882.57666015625,9141.41015625,4429.119140625,4769.6591796875,2370.301513671875,105.03213500976562
2024-11-22 00:00:00+05:30,10836.306640625,2957.87451171875,9118.9541015625,4453.50390625,4871.36181640625,2395.905517578125,107.46002197265625
2024-11-25 00:00:00+05:30,10798.6474609375,2989.927978515625,9060.5751953125,4513.14208984375,4887.14013671875,2439.670654296875,112.7140121459961
2024-11-26 00:00:00+05:30,10719.115234375,2930.6318359375,8787.919921875,4494.93603515625,4818.16552734375,2406.17724609375,111.09703063964844
2024-11-27 00:00:00+05:30,10831.1640625,2949.87353515625,8838.7958984375,4525.17236328125,4804.24365234375,2422.10498046875,112.69002532958984
2024-11-28 00:00:00+05:30,10724.8935546875,2845.713134765625,8668.7119140625,4443.65673828125,4704.78857421875,2397.096435546875,111.11622619628906
2024-11-29 00:00:00+05:30,10846.689453125,2911.881103515625,8688.0908203125,4423.40576171875,4720.56640625,2415.9521484375,111.35614013671875
2024-12-02 00:00:00+05:30,11008.3974609375,2961.26123046875,8781.0908203125,4411.09716796875,4709.673828125,2474.4541015625,110.27174377441406
2024-12-03 00:00:00+05:30,11047.5263671875,2971.962158203125,8811.337890625,4363.30224609375,4732.77880859375,2536.77685546875,112.84356689453125
2024-12-04 00:00:00+05:30,10901.1953125,2976.330810546875,8654.9111328125,4306.49658203125,4686.56787109375,2499.561767578125,112.26778411865234
2024-12-05 00:00:00+05:30,10952.5185546875,3015.45263671875,8551.8115234375,4314.392578125,4726.13525390625,2493.111328125,111.60083770751953
2024-12-06 00:00:00+05:30,11085.4326171875,3016.826904296875,8751.806640625,4300.69091796875,4764.72509765625,2502.39013671875,111.40411376953125
2024-12-09 00:00:00+05:30,11048.0654296875,2995.474365234375,8730.2158203125,4269.43212890625,4730.58056640625,2469.93896484375,109.71516418457031
2024-12-10 00:00:00+05:30,10968.142578125,3010.83837890625,8668.5185546875,4262.32470703125,4702.19921875,2501.050537109375,109.8591079711914
2024-12-11 00:00:00+05:30,11046.056640625,3015.894287109375,8722.9052734375,4320.06005859375,4691.35498046875,2512.215087890625,110.9242935180664
2024-12-12 00:00:00+05:30,10937.974609375,3011.378173828125,8620.3837890625,4233.0166015625,4696.923828125,2504.573486328125,110.35810852050781
2024-12-13 00:00:00+05:30,11040.9638671875,3025.0732421875,8676.3095703125,4250.3876953125,4714.75341796875,2502.737548828125,111.2889633178711
2024-12-16 00:00:00+05:30,11045.3232421875,3028.46044921875,8654.140625,4216.52685546875,4727.0634765625,2508.69189453125,112.68042755126953
2024-12-17 00:00:00+05:30,10880.333984375,2985.902587890625,8554.7451171875,4101.43017578125,4633.4208984375,2434.410888671875,110.76116180419922
2024-12-18 00:00:00+05:30,10776.4130859375,2995.42529296875,8614.1318359375,4077.602294921875,4640.455078125,2460.41162109375,106.91781616210938
2024-12-19 00:00:00+05:30,10730.2802734375,2959.54345703125,8639.0419921875,4093.859375,4662.04638671875,2440.960693359375,105.18567657470703
2024-12-20 00:00:00+05:30,10677.0966796875,2853.22314453125,8451.1162109375,4031.618896484375,4625.45849609375,2373.477294921875,104.25482940673828
2024-12-23 00:00:00+05:30,10599.669921875,2856.119140625,8433.03515625,3969.0537109375,4641.138671875,2370.15283203125,105.05133056640625
2024-12-24 00:00:00+05:30,10516.0244140625,2875.16455078125,8442.2685546875,3956.512939453125,4682.51318359375,2408.70751953125,105.50234985351562
2024-12-26 00:00:00+05:30,10672.150390625,2921.25634765625,8538.875,3971.283447265625,4690.76904296875,2420.021240234375,105.62710571289062
2024-12-27 00:00:00+05:30,10716.2744140625,2993.707275390625,8586.76953125,3936.865478515625,4764.57861328125,2402.05859375,105.80463409423828
2024-12-30 00:00:00+05:30,10577.09375,2948.008056640625,8444.046875,3890.092529296875,4743.96435546875,2335.716552734375,107.18171691894531
2024-12-31 00:00:00+05:30,10635.322265625,2952.131591796875,8462.0322265625,3865.0107421875,4710.84521484375,2350.503173828125,105.79983520507812
2025-01-01 00:00:00+05:30,10978.0341796875,3025.662353515625,8406.203125,3887.073486328125,4772.78515625,2388.313720703125,106.91302490234375
2025-01-02 00:00:00+05:30,11598.029296875,3152.402587890625,8732.1875,4005.18994140625,5185.84765625,2482.44287109375,113.27540588378906
2025-01-03 00:00:00+05:30,11689.0703125,3132.22802734375,8622.740234375,3941.649658203125,5188.43701171875,2464.08349609375,112.33975982666016
2025-01-06 00:00:00+05:30,11514.1396484375,3048.928955078125,8486.3154296875,3904.21240234375,5129.18408203125,2395.5087890625,108.51561737060547
2025-01-07 00:00:00+05:30,11480.4951171875,3052.021484375,8473.2841796875,3866.357421875,5058.06005859375,2366.3818359375,107.72871398925781
2025-01-08 00:00:00+05:30,11579.1259765625,3029.6875,8311.662109375,3844.109375,5044.28515625,2343.854248046875,106.86983489990234
2025-01-09 00:00:00+05:30,11499.349609375,3069.348876953125,8497.8564453125,3847.035400390625,5021.52197265625,2308.772705078125,102.87295532226562
2025-01-10 00:00:00+05:30,11392.1474609375,3036.31396484375,8428.7548828125,3829.339111328125,4941.94775390625,2265.90087890625,101.0352554321289
2025-01-13 00:00:00+05:30,11261.4892578125,2944.8173828125,8267.421875,3756.369140625,4825.3466796875,2160.0615234375,97.13912963867188
2025-01-14 00:00:00+05:30,11499.9375,2993.756591796875,8281.80078125,3811.177734375,4913.712890625,2218.017822265625,100.7857437133789
2025-01-15 00:00:00+05:30,11701.9501953125,2906.137939453125,8249.87109375,3819.7705078125,4964.857421875,2233.399658203125,99.16876220703125
2025-01-16 00:00:00+05:30,11843.873046875,2926.115966796875,8253.6689453125,3784.65625,4931.54248046875,2260.740478515625,99.7589340209961
2025-01-17 00:00:00+05:30,11887.017578125,2864.022216796875,8253.140625,3806.85791015625,4896.8603515625,2283.76416015625,99.12557983398438
2025-01-20 00:00:00+05:30,11773.1064453125,2835.306884765625,8217.5556640625,3801.37744140625,4901.2080078125,2275.52734375,100.38750457763672
2025-01-21 00:00:00+05:30,11639.55859375,2769.727783203125,8144.60693359375,3738.858642578125,4855.48583984375,2274.485107421875,98.24750518798828
2025-01-22 00:00:00+05:30,11773.400390625,2774.78369140625,8137.20068359375,3767.5634765625,4894.32080078125,2255.97705078125,99.23113250732422
2025-01-23 00:00:00+05:30,11798.2802734375,2833.686767578125,8078.63134765625,3809.04150390625,4998.36767578125,2282.623046875,99.67737579345703
2025-01-24 00:00:00+05:30,11722.029296875,2750.19140625,8080.1220703125,3764.032958984375,5086.39208984375,2253.4462890625,98.02679443359375
2025-01-27 00:00:00+05:30,11747.4453125,2779.839599609375,8063.8681640625,3730.63720703125,5026.015625,2214.44482421875,94.66326904296875
2025-01-28 00:00:00+05:30,11874.6767578125,2818.126708984375,8077.14111328125,3740.298583984375,4987.81591796875,2318.0517578125,98.23310852050781
2025-01-29 00:00:00+05:30,11731.82421875,2870.894287109375,8295.8896484375,3783.123291015625,5063.53125,2446.02197265625,98.8616714477539
2025-01-30 00:00:00+05:30,11753.46875,2917.133056640625,8413.1748046875,3880.988525390625,5045.40869140625,2436.593994140625,100.92009735107422
2025-01-31 00:00:00+05:30,12057.7373046875,2935.197021484375,8509.349609375,4030.875244140625,5074.66845703125,2439.223876953125,104.03890991210938
2025-02-01 00:00:00+05:30,12651.140625,3020.508544921875,8805.375,4089.39990234375,5266.0078125,2535.685546875,99.01042175292969
2025-02-03 00:00:00+05:30,12870.0,3115.29345703125,8585.0869140625,3982.105224609375,5358.91796875,2633.585693359375,97.83966827392578
2025-02-04 00:00:00+05:30,12840.6162109375,3130.755615234375,8570.517578125,3936.075927734375,5324.5771484375,2624.306884765625,101.56304931640625
2025-02-05 00:00:00+05:30,12817.94140625,3120.643798828125,8586.2900390625,3967.010009765625,5292.43505859375,2597.164794921875,101.25117492675781
2025-02-06 00:00:00+05:30,12805.404296875,3082.552978515625,8507.955078125,3929.526611328125,5218.966796875,2571.66015625,100.66098022460938
2025-02-07 00:00:00+05:30,12781.408203125,3139.983642578125,8645.533203125,3970.9580078125,5248.8134765625,2585.851318359375,101.7453842163086
2025-02-10 00:00:00+05:30,12635.7138671875,3079.90234375,8540.8466796875,3898.313720703125,5212.47021484375,2538.960205078125,100.32992553710938
2025-02-11 00:00:00+05:30,12462.9375,3029.5400390625,8426.83203125,3795.292724609375,4857.83056640625,2466.1181640625,97.74370574951172
2025-02-12 00:00:00+05:30,12395.5517578125,2932.59521484375,8378.359375,3824.051025390625,4737.76123046875,2474.503662109375,105.24805450439453
2025-02-13 00:00:00+05:30,12410.978515625,2923.5634765625,8358.884765625,3767.677001953125,4709.3798828125,2456.5908203125,104.15406799316406
2025-02-14 00:00:00+05:30,12419.744140625,2888.810546875,8181.10595703125,3678.021484375,4595.02587890625,2383.1533203125,102.60906219482422
2025-02-17 00:00:00+05:30,12500.6962890625,2780.18310546875,8210.5830078125,3691.400634765625,4635.912109375,2347.724365234375,107.29207611083984
2025-02-18 00:00:00+05:30,12523.517578125,2739.04931640625,8123.49658203125,3657.1669921875,4610.7060546875,2335.76611328125,106.65391540527344
2025-02-19 00:00:00+05:30,12425.5234375,2706.99560546875,8155.1376953125,3693.97216796875,4699.8056640625,2363.80126953125,108.15574645996094
2025-02-20 00:00:00+05:30,12185.0673828125,2787.546142578125,8300.07421875,3722.4921875,4775.81396484375,2400.86767578125,108.67395782470703
2025-02-21 00:00:00+05:30,12070.2744140625,2620.555419921875,8180.67236328125,3668.689453125,4848.1591796875,2307.283935546875,106.77387237548828
2025-02-24 00:00:00+05:30,12091.5771484375,2659.677001953125,8123.83349609375,3699.39990234375,4895.39501953125,2344.4990234375,107.04256439208984
2025-02-25 00:00:00+05:30,12220.0322265625,2727.072265625,8095.89501953125,3645.501953125,4874.87890625,2342.712890625,109.02901458740234
2025-02-27 00:00:00+05:30,12126.25,2676.7099609375,7917.44189453125,3580.081298828125,4821.8291015625,2321.177734375,108.16534423828125
2025-02-28 00:00:00+05:30,11700.431640625,2537.845703125,7600.5947265625,3505.376220703125,4663.65771484375,2208.58984375,102.17242431640625
2025-03-03 00:00:00+05:30,11533.6796875,2564.155517578125,7419.689453125,3457.4296875,4793.59521484375,2306.192626953125,100.2435531616211
2025-03-04 00:00:00+05:30,11377.603515625,2565.5791015625,7052.78271484375,3347.0625,4704.2021484375,2276.469970703125,99.28871154785156
2025-03-05 00:00:00+05:30,11378.6806640625,2676.7587890625,7136.455078125,3417.434814453125,4873.4130859375,2312.990234375,100.38270568847656
2025-03-06 00:00:00+05:30,11426.7236328125,2692.27001953125,7176.80029296875,3474.5703125,4977.0693359375,2301.87548828125,101.04964447021484
2025-03-07 00:00:00+05:30,11424.51953125,2677.986083984375,7284.99755859375,3478.1416015625,4983.224609375,2315.173583984375,100.65619659423828
2025-03-10 00:00:00+05:30,11348.0234375,2653.19775390625,7100.966796875,3411.81640625,4875.611328125,2240.0986328125,99.2215347290039
2025-03-11 00:00:00+05:30,11407.6728515625,2597.239501953125,7213.05859375,3476.379638671875,4870.7265625,2271.45849609375,95.94439697265625
2025-03-12 00:00:00+05:30,11400.962890625,2604.798828125,7227.58056640625,3437.908203125,4901.89208984375,2241.835205078125,94.09708404541016
2025-03-13 00:00:00+05:30,11277.2578125,2595.177978515625,7217.626953125,3360.6796875,4899.7421875,2233.796875,94.34658813476562
2025-03-17 00:00:00+05:30,11316.3388671875,2655.700927734375,7199.68994140625,3326.350830078125,4933.9365234375,2249.576171875,95.22465515136719
2025-03-18 00:00:00+05:30,11316.3388671875,2655.700927734375,7199.68994140625,3326.350830078125,4933.9365234375,2249.576171875,95.22465515136719
2025-03-19 00:00:00+05:30,11376.91796875,2738.116455078125,7426.47021484375,3368.1552734375,4983.419921875,2302.12353515625,98.69374084472656
2025-03-20 00:00:00+05:30,11489.2119140625,2776.403564453125,7617.04052734375,3425.43359375,5108.91162109375,2328.96826171875,99.55261993408203
2025-03-21 00:00:00+05:30,11491.7587890625,2750.63330078125,7759.23486328125,3455.76318359375,5183.7470703125,2395.5087890625,101.16480255126953
2025-03-24 00:00:00+05:30,11677.3173828125,2723.979736328125,7814.7275390625,3453.240234375,5299.27392578125,2426.124267578125,101.97570037841797
2025-03-25 00:00:00+05:30,11625.0634765625,2685.987060546875,7699.7509765625,3454.763427734375,5306.16162109375,2403.1005859375,100.78094482421875
2025-03-26 00:00:00+05:30,11493.228515625,2692.122802734375,7671.95654296875,3471.904296875,5278.85498046875,2420.73876953125,103.1512451171875
2025-03-27 00:00:00+05:30,11481.1318359375,2683.0419921875,7669.26318359375,3591.984619140625,5222.63037109375,2447.0966796875,100.05162811279297
2025-03-28 00:00:00+05:30,11285.4375,2617.070556640625,7577.46435546875,3545.228271484375,5224.5361328125,2411.42138671875,97.98841094970703
2025-04-01 00:00:00+05:30,11245.2294921875,2589.68017578125,7687.2958984375,3582.4619140625,5184.96875,2432.348388671875,100.31072998046875
2025-04-02 00:00:00+05:30,11475.4013671875,2589.336669921875,7764.14013671875,3603.31640625,5232.15576171875,2487.406005859375,100.17158508300781
2025-04-03 00:00:00+05:30,11447.9765625,2563.713623046875,7609.5390625,3574.17724609375,5255.26123046875,2467.42578125,100.73296356201172
2025-04-04 00:00:00+05:30,11246.111328125,2549.086181640625,7391.1259765625,3484.521728515625,5127.0341796875,2456.3642578125,98.42984008789062
2025-04-07 00:00:00+05:30,11096.9892578125,2445.711181640625,7027.29638671875,3358.537109375,4948.59130859375,2359.9013671875,94.80721282958984
2025-04-08 00:00:00+05:30,11223.486328125,2477.5185546875,7211.23095703125,3403.531494140625,5110.865234375,2429.1591796875,96.83685302734375
2025-04-09 00:00:00+05:30,11222.017578125,2476.97900390625,7282.640625,3438.527099609375,5137.19482421875,2466.62841796875,98.20912170410156
2025-04-11 00:00:00+05:30,11360.755859375,2533.182373046875,7471.67236328125,3490.997314453125,5227.662109375,2504.5458984375,100.04202270507812
2025-04-15 00:00:00+05:30,11611.4482421875,2597.632080078125,7689.65234375,3622.314208984375,5401.66015625,2577.490966796875,103.13684844970703
2025-04-16 00:00:00+05:30,11424.3720703125,2586.44091796875,7656.95263671875,3601.3642578125,5486.16796875,2605.094482421875,102.87295532226562
2025-04-17 00:00:00+05:30,11454.7353515625,2630.421630859375,7711.29150390625,3591.74658203125,5547.71728515625,2669.9677734375,105.07051849365234
2025-04-21 00:00:00+05:30,11503.7080078125,2713.47509765625,7932.01318359375,3730.01513671875,5676.6767578125,2726.07177734375,106.5483627319336
2025-04-22 00:00:00+05:30,11492.9345703125,2765.604736328125,7829.5869140625,3650.596435546875,5650.787109375,2728.96142578125,106.84104919433594
2025-04-23 00:00:00+05:30,11662.3798828125,2864.464111328125,7945.4775390625,3752.393310546875,5607.80078125,2796.923828125,110.68438720703125
2025-04-24 00:00:00+05:30,11649.6474609375,2848.363525390625,7887.7724609375,3765.724853515625,5520.36181640625,2764.238037109375,110.65559387207031
2025-04-25 00:00:00+05:30,11457.673828125,2811.843505859375,7726.6796875,3709.54150390625,5447.08935546875,2728.363525390625,107.97821044921875
2025-04-28 00:00:00+05:30,11602.6337890625,2877.030029296875,7786.30810546875,3724.96826171875,5492.51806640625,2783.371337890625,109.13937377929688
2025-04-29 00:00:00+05:30,11597.736328125,2856.413818359375,7769.4775390625,3668.784423828125,5450.50830078125,2693.1865234375,109.33130645751953
2025-04-30 00:00:00+05:30,12005.189453125,2875.2626953125,7722.83251953125,3644.6923828125,5438.78515625,2662.693115234375,108.1077651977539
2025-05-02 00:00:00+05:30,12150.1494140625,2863.874755859375,7521.3466796875,3558.988525390625,5314.7099609375,2710.52587890625,105.63190460205078
2025-05-05 00:00:00+05:30,12202.060546875,2966.26806640625,7617.521484375,3587.7470703125,5334.73779296875,2772.907958984375,107.57037353515625
2025-05-06 00:00:00+05:30,12322.533203125,3012.310791015625,7641.56494140625,3687.734619140625,5387.982421875,2763.839599609375,106.10212707519531
2025-05-07 00:00:00+05:30,12373.46484375,3062.86962890625,7548.75634765625,3683.354248046875,5362.58154296875,2782.57421875,108.71234130859375
2025-05-08 00:00:00+05:30,12137.416015625,2977.656494140625,7429.0185546875,3619.076416015625,5248.7646484375,2686.2109375,105.69908142089844
2025-05-09 00:00:00+05:30,11998.3330078125,2927.588623046875,7388.62548828125,3669.92724609375,5201.38134765625,2654.421875,106.33724212646484
2025-05-12 00:00:00+05:30,12356.814453125,3047.947509765625,7731.96923828125,3794.673583984375,5392.86767578125,2751.084228515625,110.97228240966797
2025-05-13 00:00:00+05:30,12225.56640625,2997.977783203125,7754.5703125,3869.616943359375,5294.19384765625,2702.952392578125,110.52124786376953
2025-05-14 00:00:00+05:30,12409.705078125,3045.100341796875,7792.5595703125,3873.044921875,5321.060546875,2717.800537109375,112.53168487548828
2025-05-15 00:00:00+05:30,12685.9111328125,3086.823486328125,8007.51025390625,4118.5380859375,5340.111328125,2780.082763671875,114.84920501708984
2025-05-16 00:00:00+05:30,12728.0283203125,3078.282470703125,8158.02392578125,4137.86962890625,5382.609375,2831.602783203125,113.87518310546875
2025-05-19 00:00:00+05:30,12722.150390625,3070.821533203125,8512.427734375,4178.24560546875,5402.63720703125,2815.260009765625,115.67929077148438
2025-05-20 00:00:00+05:30,12378.3623046875,3007.500732421875,8237.3671875,4039.1201171875,5263.41943359375,2741.6171875,116.0775375366211
2025-05-21 00:00:00+05:30,12355.8349609375,3034.203369140625,8355.181640625,4060.259765625,5284.423828125,2757.6611328125,117.36825561523438
2025-05-22 00:00:00+05:30,12189.3271484375,2951.345947265625,8399.421875,4072.162841796875,5262.9306640625,2793.03759765625,116.60649871826172
2025-05-23 00:00:00+05:30,12197.162109375,2957.629150390625,8406.634765625,4103.11181640625,5275.63134765625,2770.9150390625,117.00202941894531
2025-05-26 00:00:00+05:30,12165.8203125,3023.895263671875,8615.8154296875,4151.296875,5302.498046875,2767.128173828125,117.13874816894531
2025-05-27 00:00:00+05:30,12158.9638671875,2984.233642578125,8620.142578125,4131.10888671875,5265.373046875,2789.9482421875,117.00690460205078
2025-05-28 00:00:00+05:30,12077.6689453125,2943.00146484375,8510.50390625,4153.962890625,5203.82421875,2791.741943359375,116.52349090576172
2025-05-29 00:00:00+05:30,12137.416015625,2953.99658203125,8535.0283203125,4148.63037109375,5255.11474609375,2798.8173828125,117.54891967773438
2025-05-30 00:00:00+05:30,12065.916015625,2922.38525390625,8277.7607421875,4103.587890625,5210.66259765625,2771.1142578125,115.25389862060547
2025-06-02 00:00:00+05:30,12037.51171875,2970.587646484375,8187.83740234375,4030.263427734375,5237.529296875,2753.774658203125,115.361328125
2025-06-03 00:00:00+05:30,11878.83984375,2990.811279296875,8235.4443359375,4007.695068359375,5230.69091796875,2735.239501953125,115.29296875
2025-06-04 00:00:00+05:30,11913.12109375,2997.585205078125,8235.92578125,4000.076904296875,5196.98486328125,2750.78515625,115.05369567871094
2025-06-05 00:00:00+05:30,11876.880859375,2986.0009765625,8230.154296875,3979.412841796875,5186.23876953125,2708.13427734375,114.22846221923828
2025-06-06 00:00:00+05:30,12205.978515625,3049.71435546875,8306.61328125,4064.259521484375,5269.76953125,2738.229248046875,118.18859100341797
2025-06-09 00:00:00+05:30,12377.3828125,3030.96337890625,8310.4599609375,4141.7734375,5266.83837890625,2733.64501953125,118.7452621459961
2025-06-10 00:00:00+05:30,12262.787109375,3011.42724609375,8296.0341796875,4169.96044921875,5253.6494140625,2735.43896484375,117.79795837402344
2025-06-11 00:00:00+05:30,12196.1826171875,3024.385986328125,8385.4765625,4199.7666015625,5228.73681640625,2761.348388671875,117.19246673583984
2025-06-12 00:00:00+05:30,12135.45703125,2964.01025390625,8239.291015625,4154.53369140625,5193.0771484375,2729.858154296875,114.8632583618164
2025-06-13 00:00:00+05:30,12153.087890625,2951.051513671875,8139.75048828125,4126.91845703125,5196.49658203125,2731.35302734375,114.65328979492188
2025-06-16 00:00:00+05:30,12272.5810546875,2968.330078125,8203.2255859375,4156.15283203125,5241.43701171875,2786.759521484375,115.12205505371094
2025-06-17 00:00:00+05:30,12336.2451171875,2952.2294921875,8169.564453125,4162.3427734375,5217.990234375,2767.526611328125,114.51657104492188
2025-06-18 00:00:00+05:30,12486.1025390625,2985.510009765625,8144.078125,4149.8681640625,5268.7919921875,2766.231201171875,114.25777435302734
2025-06-19 00:00:00+05:30,12542.9111328125,3038.228271484375,8171.00732421875,4175.0078125,5366.97802734375,2770.21728515625,113.70598602294922
2025-06-20 00:00:00+05:30,12528.21875,3126.1904296875,8254.8271484375,4131.39404296875,5397.75244140625,2802.30517578125,114.8241958618164
2025-06-23 00:00:00+05:30,12438.1083984375,3077.693603515625,8171.5,4050.0712890625,5424.619140625,2768.921875,115.56642150878906
2025-06-24 00:00:00+05:30,12351.9169921875,3092.517578125,8260.744140625,4087.590087890625,5499.357421875,2827.21826171875,117.57333374023438
2025-06-25 00:00:00+05:30,12504.712890625,3156.721923828125,8273.0703125,4095.493408203125,5447.57763671875,2906.640380859375,119.44352722167969
2025-06-26 00:00:00+05:30,12453.7802734375,3157.0166015625,8315.966796875,4073.781982421875,5482.259765625,2918.6982421875,121.5481185913086
2025-06-27 00:00:00+05:30,12382.2802734375,3144.7451171875,8318.92578125,4114.0625,5529.64306640625,2929.06201171875,121.94363403320312
2025-06-30 00:00:00+05:30,12145.2509765625,3125.012451171875,8259.7578125,4034.834716796875,5526.22412109375,2907.836181640625,122.51983642578125
2025-07-01 00:00:00+05:30,12186.388671875,3118.04248046875,8282.4384765625,4024.2646484375,5583.86474609375,2883.521240234375,122.85676574707031
2025-07-02 00:00:00+05:30,12362.6904296875,3107.34130859375,8240.5283203125,4041.119873046875,5590.70361328125,2888.204833984375,122.88117218017578
2025-07-03 00:00:00+05:30,12490.0205078125,3116.373291015625,8266.16796875,4104.82568359375,5584.353515625,2889.101806640625,122.31963348388672
2025-07-04 00:00:00+05:30,12386.197265625,3129.634033203125,8315.966796875,4137.583984375,5499.357421875,2870.068359375,122.00223541259766
2025-07-07 00:00:00+05:30,12262.787109375,3127.35791015625,8346.0439453125,4101.39794921875,5551.625,2866.87939453125,121.97782135009766
2025-07-08 00:00:00+05:30,12158.9638671875,3125.081787109375,8223.7646484375,4095.11279296875,5548.6943359375,2820.84033203125,122.00223541259766
2025-07-09 00:00:00+05:30,12213.8134765625,3143.290771484375,8244.9658203125,4126.251953125,5563.8369140625,2830.207763671875,122.51494598388672
2025-07-10 00:00:00+05:30,12390.115234375,3129.53515625,8170.02099609375,4115.01513671875,5521.82763671875,2820.242431640625,121.97782135009766
2025-07-11 00:00:00+05:30,12315.677734375,3041.26220703125,7955.04638671875,4017.313232421875,5483.23681640625,2744.90576171875,120.24434661865234
2025-07-14 00:00:00+05:30,12256.91015625,3059.9658203125,7975.26171875,4048.73779296875,5412.8955078125,2792.439453125,123.5159683227539
2025-07-15 00:00:00+05:30,12278.45703125,3096.08642578125,8195.66015625,4241.38037109375,5462.232421875,2874.951171875,122.51494598388672
2025-07-16 00:00:00+05:30,12305.8818359375,3163.28076171875,8187.27783203125,4213.28857421875,5496.91455078125,2887.20849609375,121.6848373413086
2025-07-17 00:00:00+05:30,12219.6904296875,3161.79638671875,8214.396484375,4231.47705078125,5519.87353515625,2868.77294921875,120.85472106933594
2025-07-18 00:00:00+05:30,12163.861328125,3159.223388671875,8231.6533203125,4186.81640625,5497.8916015625,2839.37548828125,119.38982391357422
2025-07-21 00:00:00+05:30,12150.1494140625,3212.958984375,8321.390625,4197.76708984375,5429.9921875,2825.62353515625,121.88015747070312
2025-07-22 00:00:00+05:30,12235.3623046875,3223.349853515625,8179.88232421875,4135.107421875,5314.22119140625,2785.6630859375,121.098876953125
2025-07-23 00:00:00+05:30,12367.5888671875,3234.82958984375,8280.466796875,4155.39111328125,5316.17529296875,2792.83837890625,121.6848373413086
2025-07-24 00:00:00+05:30,12299.0263671875,3227.011474609375,8173.47216796875,4158.484375,5343.0419921875,2787.955322265625,121.88015747070312
2025-07-25 00:00:00+05:30,12149.169921875,3212.662109375,7963.42822265625,4089.658447265625,5307.87109375,2764.736328125,119.09683990478516
2025-07-28 00:00:00+05:30,12086.484375,3176.442626953125,7977.23388671875,4148.04443359375,5261.95361328125,2789.151123046875,119.87812042236328
2025-07-29 00:00:00+05:30,12212.833984375,3166.150634765625,8014.70654296875,4181.0078125,5344.5078125,2792.041015625,120.4152603149414
2025-07-30 00:00:00+05:30,12358.7724609375,3175.5517578125,7931.87255859375,4109.57080078125,5354.765625,2783.86962890625,119.04801177978516
2025-07-31 00:00:00+05:30,12348.978515625,3169.812255859375,7896.865234375,4118.658203125,5342.5537109375,2792.041015625,118.2178955078125
2025-08-01 00:00:00+05:30,12179.6787109375,3126.467529296875,7932.8583984375,4167.861328125,5470.71142578125,2848.24462890625,117.53426361083984
2025-08-04 00:00:00+05:30,12242.052734375,3166.9423828125,8073.8740234375,4384.68359375,5562.74755859375,2932.2509765625,119.73162841796875
2025-08-05 00:00:00+05:30,12412.341796875,3178.817626953125,8116.27734375,4395.2197265625,5622.1259765625,2972.80908203125,119.11637115478516
2025-08-06 00:00:00+05:30,12399.4716796875,3193.958740234375,8064.9990234375,4325.716796875,5609.2607421875,2942.415283203125,117.90538787841797
2025-08-07 00:00:00+05:30,12506.3974609375,3177.729248046875,8114.7978515625,4505.3232421875,5622.62060546875,3002.90380859375,117.00690460205078
2025-08-08 00:00:00+05:30,12464.8154296875,3111.524169921875,8109.8671875,4446.453125,5604.3125,2958.558837890625,112.71961212158203
2025-08-11 00:00:00+05:30,12471.74609375,3153.087890625,8160.15966796875,4410.10693359375,5612.72412109375,2970.816162109375,117.21199035644531
2025-08-12 00:00:00+05:30,12712.3291015625,3202.864990234375,8082.7490234375,4490.33984375,5599.3642578125,2953.476806640625,116.56743621826172
2025-08-13 00:00:00+05:30,12706.388671875,3248.090087890625,8134.02734375,4609.72265625,5655.27880859375,3008.683837890625,116.92877960205078
2025-08-14 00:00:00+05:30,12807.375,3231.464599609375,8099.51318359375,4551.142578125,5704.265625,3009.780029296875,119.10660552978516
2025-08-18 00:00:00+05:30,13928.119140625,3347.941650390625,8469.30859375,4817.8447265625,5850.73193359375,3208.4853515625,128.6773223876953
2025-08-19 00:00:00+05:30,14108.3095703125,3319.14404296875,8673.4365234375,4947.57080078125,5876.95751953125,3240.5732421875,130.16175842285156
2025-08-20 00:00:00+05:30,14079.59765625,3360.311767578125,8704.9921875,4964.77783203125,5875.9677734375,3218.55029296875,129.98597717285156
2025-08-21 00:00:00+05:30,14138.01171875,3340.02490234375,8563.9765625,4927.17431640625,5913.0791015625,3269.47216796875,127.94486236572266
2025-08-22 00:00:00+05:30,14206.3251953125,3367.634765625,8559.0458984375,4831.28125,5863.1025390625,3283.12451171875,128.1304168701172
2025-08-25 00:00:00+05:30,14308.30078125,3363.577392578125,8629.060546875,4894.984375,5928.41845703125,3273.259033203125,127.94486236572266
2025-08-26 00:00:00+05:30,14567.6962890625,3296.18505859375,8570.8798828125,4904.2646484375,6087.2548828125,3260.90234375,128.2964324951172
2025-08-28 00:00:00+05:30,14605.318359375,3261.05419921875,8568.9072265625,4921.95458984375,6069.44140625,3244.658935546875,126.78272247314453
2025-08-29 00:00:00+05:30,14643.9306640625,3166.24951171875,8511.7119140625,4918.087890625,6039.75244140625,3265.187255859375,124.00916290283203
2025-09-01 00:00:00+05:30,14738.9755859375,3280.945068359375,8842.5556640625,5069.17724609375,6214.91845703125,3344.510009765625,125.03459167480469
2025-09-02 00:00:00+05:30,14694.4228515625,3200.885986328125,8905.1748046875,5134.90966796875,6283.203125,3357.86328125,127.3393783569336
2025-09-03 00:00:00+05:30,14778.578125,3251.8505859375,8989.48828125,5170.67626953125,6305.47021484375,3388.456298828125,127.18312072753906
2025-09-04 00:00:00+05:30,14516.212890625,3445.319091796875,8945.1123046875,5172.60986328125,6358.41552734375,3421.24169921875,125.01505279541016
2025-09-05 00:00:00+05:30,14746.896484375,3524.289794921875,8958.42578125,5184.20947265625,6512.30419921875,3464.49072265625,127.71048736572266
2025-09-08 00:00:00+05:30,15106.287109375,3524.289794921875,9302.58203125,5261.54296875,6744.3740234375,3578.791015625,134.07794189453125
2025-09-09 00:00:00+05:30,15212.22265625,3657.88671875,9252.783203125,5242.69287109375,6803.25732421875,3553.878173828125,131.90011596679688
2025-09-10 00:00:00+05:30,14957.7783203125,3566.941650390625,9115.7119140625,5172.12646484375,6765.65087890625,3483.12548828125,130.8746795654297
2025-09-11 00:00:00+05:30,14944.9072265625,3558.33203125,8987.0234375,5125.24365234375,6687.96435546875,3499.866943359375,130.43519592285156
2025-09-12 00:00:00+05:30,15172.62109375,3552.59228515625,8874.60546875,5124.759765625,6803.751953125,3480.2353515625,130.9528045654297
2025-09-15 00:00:00+05:30,15113.216796875,3493.61181640625,8899.7509765625,5112.193359375,6730.51904296875,3465.28759765625,130.8063201904297
2025-09-16 00:00:00+05:30,15418.154296875,3570.50439453125,8946.591796875,5138.77685546875,6855.7080078125,3487.709228515625,131.39227294921875
2025-09-17 00:00:00+05:30,15643.8876953125,3595.4423828125,8957.9326171875,5171.64306640625,6819.09130859375,3487.908935546875,133.5701141357422
2025-09-18 00:00:00+05:30,15659.728515625,3604.348876953125,8949.0576171875,5190.9765625,6852.7392578125,3534.246826171875,135.5135498046875
2025-09-19 00:00:00+05:30,15706.26171875,3554.769775390625,8846.9931640625,5227.70947265625,6901.2314453125,3517.106689453125,137.5937042236328
2025-09-22 00:00:00+05:30,15658.73828125,3547.54541015625,8928.841796875,5248.49267578125,6874.01611328125,3513.320068359375,136.15809631347656
2025-09-23 00:00:00+05:30,15936.9443359375,3577.035888671875,8859.8134765625,5191.4599609375,6918.05517578125,3500.46484375,140.67001342773438
2025-09-24 00:00:00+05:30,16087.43359375,3537.748291015625,8716.33203125,5101.0771484375,6938.83740234375,3440.972900390625,138.93165588378906
2025-09-25 00:00:00+05:30,16107.234375,3493.31494140625,8719.7841796875,5175.9931640625,6913.6015625,3396.528076171875,137.1640167236328
2025-09-26 00:00:00+05:30,16124.0654296875,3361.202392578125,8581.2333984375,5150.376953125,6973.9697265625,3402.507080078125,138.609375
2025-09-29 00:00:00+05:30,15825.068359375,3382.577880859375,8596.5185546875,5123.79296875,6912.6123046875,3427.61962890625,139.08792114257812
2025-09-30 00:00:00+05:30,15869.62109375,3391.38525390625,8558.0595703125,5290.0595703125,6932.8994140625,3426.72265625,139.3320770263672
2025-10-01 00:00:00+05:30,15806.2568359375,3427.406982421875,8506.78125,5251.392578125,6948.73388671875,3445.756103515625,137.92575073242188
2025-10-03 00:00:00+05:30,15648.837890625,3426.021728515625,8559.0458984375,5365.458984375,6869.06787109375,3444.06201171875,136.51943969726562
2025-10-06 00:00:00+05:30,15838.9287109375,3435.917724609375,8669.984375,5395.42578125,6808.7001953125,3498.671142578125,134.5564727783203
2025-10-07 00:00:00+05:30,15947.8349609375,3456.50146484375,8780.4306640625,5427.80859375,6884.90234375,3501.261962890625,136.5585174560547
2025-10-08 00:00:00+05:30,15852.7900390625,3390.890625,8669.984375,5328.72607421875,6830.96728515625,3470.868408203125,136.10928344726562
2025-10-09 00:00:00+05:30,15826.05859375,3407.1201171875,8687.7353515625,5328.2421875,6825.029296875,3474.455810546875,135.3963623046875
2025-10-10 00:00:00+05:30,16103.2744140625,3418.995361328125,8822.3408203125,5316.642578125,6892.8193359375,3478.142822265625,134.3318634033203
2025-10-13 00:00:00+05:30,16160.697265625,3423.745361328125,8940.1826171875,5373.67578125,6840.36865234375,3490.997802734375,134.20489501953125
2025-10-14 00:00:00+05:30,16099.3134765625,3423.844482421875,8976.17578125,5385.7587890625,6815.62744140625,3492.791748046875,132.24192810058594
2025-10-15 00:00:00+05:30,16050.80078125,3460.855712890625,8873.1259765625,5352.892578125,6823.544921875,3562.447998046875,132.515380859375
2025-10-16 00:00:00+05:30,16135.9462890625,3523.794921875,9024.4951171875,5393.4921875,6915.5810546875,3564.042724609375,134.02911376953125
2025-10-17 00:00:00+05:30,16237.921875,3609.296875,9023.509765625,5406.05859375,6969.51611328125,3641.272705078125,131.36297607421875
2025-10-20 00:00:00+05:30,16260.693359375,3561.697021484375,8997.8701171875,5452.94189453125,6940.81689453125,3639.279541015625,132.661865234375
2025-10-21 00:00:00+05:30,16232.9716796875,3583.567138671875,8991.4609375,5458.2587890625,6945.76513671875,3645.557861328125,133.05250549316406
2025-10-23 00:00:00+05:30,16230.0009765625,3585.9423828125,8921.4462890625,5402.1923828125,6813.15380859375,3584.67041015625,134.62484741210938
2025-10-24 00:00:00+05:30,16112.1845703125,3587.32763671875,8950.5361328125,5355.7919921875,6769.11474609375,3587.261474609375,133.15994262695312
2025-10-27 00:00:00+05:30,16225.05078125,3574.067138671875,8969.2724609375,5458.2587890625,6834.92578125,3627.2216796875,137.51559448242188
2025-10-28 00:00:00+05:30,16148.81640625,3541.90478515625,8931.7998046875,5422.49169921875,6929.9306640625,3549.593017578125,136.82220458984375
2025-10-29 00:00:00+05:30,15977.537109375,3497.966064453125,8908.6259765625,5366.42529296875,6879.9541015625,3486.712890625,136.21670532226562
2025-10-30 00:00:00+05:30,16044.8603515625,3465.705078125,8799.1669921875,5331.142578125,6817.60693359375,3479.537841796875,137.4765167236328
2025-10-31 00:00:00+05:30,16025.0595703125,3450.959716796875,8769.08984375,5359.17578125,6934.38427734375,3496.478759765625,138.21873474121094
2025-11-03 00:00:00+05:30,15495.37890625,3512.018310546875,8798.673828125,5354.34228515625,6950.712890625,3498.2724609375,136.5585174560547
2025-11-04 00:00:00+05:30,15221.1337890625,3543.98291015625,8629.5537109375,5132.01025390625,6858.18212890625,3461.0029296875,137.1542510986328
2025-11-06 00:00:00+05:30,15298.357421875,3580.895263671875,8599.4765625,5148.443359375,6735.9619140625,3434.79443359375,137.92575073242188
2025-11-07 00:00:00+05:30,15325.08984375,3651.85009765625,8600.462890625,5119.443359375,6814.63818359375,3444.759521484375,137.97457885742188
2025-11-10 00:00:00+05:30,15428.0556640625,3625.8232421875,8650.2626953125,5180.826171875,6795.34033203125,3478.64111328125,138.95120239257812
2025-11-11 00:00:00+05:30,15489.4384765625,3710.13818359375,8771.5556640625,5236.892578125,6801.77294921875,3462.098876953125,142.6232147216797
2025-11-12 00:00:00+05:30,15539.931640625,3715.283935546875,8744.9296875,5349.50927734375,6807.71044921875,3442.467529296875,139.19534301757812
2025-11-13 00:00:00+05:30,15592.404296875,3661.053466796875,8744.4365234375,5324.85888671875,6783.95947265625,3438.581298828125,146.8909912109375
2025-11-14 00:00:00+05:30,15528.05078125,3660.162841796875,8720.27734375,5353.859375,6625.61767578125,3374.704345703125,144.79127502441406
2025-11-17 00:00:00+05:30,15720.1220703125,3696.08544921875,8821.3544921875,5605.19091796875,6728.53955078125,3463.294677734375,144.97683715820312
2025-11-18 00:00:00+05:30,15771.60546875,3656.40234375,8797.1943359375,5606.15771484375,6743.87890625,3467.779052734375,144.76052856445312
2025-11-19 00:00:00+05:30,15611.2158203125,3683.814453125,8761.201171875,5680.5908203125,6825.029296875,3465.586669921875,143.0202178955078
2025-11-20 00:00:00+05:30,15643.8876953125,3678.07470703125,8854.8828125,5799.490234375,7051.65625,3474.25634765625,143.78713989257812
2025-11-21 00:00:00+05:30,15818.1376953125,3710.6328125,8768.5966796875,5802.39013671875,7060.56298828125,3429.911376953125,142.2631378173828
2025-11-24 00:00:00+05:30,15799.326171875,3652.44384765625,8882.494140625,5782.57373046875,7183.27783203125,3429.512939453125,142.16481018066406
2025-11-25 00:00:00+05:30,15731.0126953125,3631.167236328125,8922.431640625,5878.75634765625,7143.6923828125,3435.791015625,143.38401794433594
2025-11-26 00:00:00+05:30,15995.357421875,3648.089599609375,9036.822265625,5931.92333984375,7123.8994140625,3526.274658203125,146.45167541503906
2025-11-27 00:00:00+05:30,15744.873046875,3642.943603515625,8897.2861328125,5945.939453125,6926.466796875,3505.746337890625,157.07054138183594
2025-11-28 00:00:00+05:30,15741.9033203125,3718.252685546875,8947.578125,5968.65625,6980.40234375,3519.199462890625,155.46786499023438
2025-12-01 00:00:00+05:30,15936.9443359375,3702.716064453125,8969.765625,6085.62255859375,7051.65625,3649.045654296875,157.61131286621094
2025-12-02 00:00:00+05:30,16077.5322265625,3677.876708984375,8959.4111328125,6061.4560546875,7038.79052734375,3657.91455078125,157.31634521484375
2025-12-03 00:00:00+05:30,15922.09375,3611.473876953125,8875.5908203125,6004.4228515625,7008.11181640625,3619.150146484375,159.98089599609375
2025-12-04 00:00:00+05:30,15834.96875,3633.443359375,8958.9189453125,6128.63916015625,7026.42041015625,3633.698974609375,157.5228271484375
2025-12-05 00:00:00+05:30,16120.10546875,3678.470703125,8982.5849609375,6138.78857421875,7133.30126953125,3652.6328125,158.1619110107422
2025-12-08 00:00:00+05:30,16026.0498046875,3643.4384765625,8900.7373046875,5961.40625,7067.98486328125,3600.116455078125,156.60841369628906
2025-12-09 00:00:00+05:30,15860.7099609375,3598.1142578125,8836.6396484375,5800.9404296875,7049.18212890625,3601.91015625,156.90338134765625
2025-12-10 00:00:00+05:30,15859.7197265625,3592.275634765625,8866.22265625,5747.29052734375,7153.58837890625,3594.037841796875,155.35971069335938
2025-12-11 00:00:00+05:30,16086.443359375,3627.10986328125,8927.85546875,5780.1572265625,7180.8037109375,3624.73046875,157.64080810546875
2025-12-12 00:00:00+05:30,16357.71875,3641.3603515625,8889.8896484375,5761.30712890625,7154.08349609375,3642.468505859375,161.11160278320312
2025-12-15 00:00:00+05:30,16251.7822265625,3570.50439453125,8815.9306640625,5760.82373046875,7047.697265625,3626.6240234375,164.02195739746094
2025-12-16 00:00:00+05:30,16191.388671875,3583.369140625,8882.9873046875,5748.25732421875,6988.3193359375,3606.99267578125,164.9363555908203
2025-12-17 00:00:00+05:30,16234.951171875,3575.25439453125,8771.5556640625,5623.07470703125,7060.56298828125,3626.22509765625,163.3533477783203
2025-12-18 00:00:00+05:30,16166.6376953125,3549.326904296875,8708.443359375,5556.85791015625,7032.85302734375,3579.68798828125,168.69229125976562
2025-12-19 00:00:00+05:30,16250.79296875,3566.150146484375,8877.0703125,5588.2744140625,7142.2080078125,3653.23095703125,170.64889526367188
2025-12-22 00:00:00+05:30,16483.455078125,3579.11376953125,9036.822265625,5509.49169921875,7215.935546875,3696.67919921875,174.0803680419922
2025-12-23 00:00:00+05:30,16420.091796875,3587.4267578125,8972.724609375,5552.5078125,7227.31640625,3673.659423828125,174.97511291503906
2025-12-24 00:00:00+05:30,16536.91796875,3598.906005859375,9042.7392578125,5508.52490234375,7236.71826171875,3652.43359375,172.3695526123047
2025-12-26 00:00:00+05:30,16430.982421875,3585.447509765625,8938.703125,5449.0751953125,7248.09912109375,3621.442138671875,171.75010681152344
2025-12-29 00:00:00+05:30,16377.51953125,3554.769775390625,8960.890625,5380.4423828125,7196.6376953125,3561.75048828125,171.986083984375
2025-12-30 00:00:00+05:30,16481.4765625,3622.260986328125,9153.1845703125,5520.60791015625,7117.9619140625,3621.9404296875,175.6338653564453
2025-12-31 00:00:00+05:30,16530.978515625,3670.652587890625,9213.337890625,5578.60791015625,7236.71826171875,3706.843505859375,176.18447875976562
2026-01-01 00:00:00+05:30,16541.869140625,3721.914306640625,9425.3544921875,5646.75732421875,7271.85009765625,3781.18359375,181.77903747558594
2026-01-02 00:00:00+05:30,16791.36328125,3762.884033203125,9370.6240234375,5735.20751953125,7258.490234375,3834.397705078125,185.61361694335938
2026-01-05 00:00:00+05:30,16984.423828125,3750.909912109375,9365.693359375,5785.95703125,7404.95654296875,3850.740478515625,184.6107177734375
2026-01-06 00:00:00+05:30,17120.0625,3746.2587890625,9526.9248046875,5799.9736328125,7444.5419921875,3852.634033203125,183.02772521972656
2026-01-07 00:00:00+05:30,16641.865234375,3709.841064453125,9653.6416015625,5781.60693359375,7503.919921875,3826.823974609375,182.99822998046875
2026-01-08 00:00:00+05:30,16498.306640625,3685.298828125,9625.0439453125,5654.974609375,7472.74658203125,3788.458251953125,181.42507934570312
2026-01-09 00:00:00+05:30,16336.927734375,3639.084228515625,9429.7919921875,5580.54150390625,7429.20263671875,3746.106201171875,184.6107177734375
2026-01-12 00:00:00+05:30,16417.12109375,3643.7353515625,9359.2841796875,5535.59130859375,7358.93798828125,3741.7216796875,183.87330627441406
2026-01-13 00:00:00+05:30,16262.6728515625,3623.4482421875,9421.41015625,5543.32470703125,7327.27001953125,3742.3193359375,182.5852813720703
2026-01-14 00:00:00+05:30,15991.3974609375,3611.572998046875,9446.5556640625,5487.25830078125,7281.74658203125,3677.5458984375,183.7553253173828
2026-01-15 00:00:00+05:30,15991.3974609375,3611.572998046875,9446.5556640625,5487.25830078125,7281.74658203125,3677.5458984375,183.7553253173828
2026-01-16 00:00:00+05:30,15701.310546875,3620.1826171875,9357.3115234375,5463.091796875,7239.1923828125,3655.024658203125,181.15960693359375
2026-01-19 00:00:00+05:30,16015.1591796875,3619.390869140625,9298.6376953125,5570.3916015625,7247.60400390625,3689.005859375,184.8270263671875
2026-01-20 00:00:00+05:30,15721.1123046875,3520.529052734375,9052.599609375,5394.458984375,7099.15869140625,3603.10595703125,177.75762939453125
2026-01-21 00:00:00+05:30,15613.1962890625,3516.372802734375,9051.6142578125,5353.859375,7066.005859375,3589.453857421875,178.20008850097656
2026-01-22 00:00:00+05:30,15608.24609375,3536.560791015625,9239.962890625,5305.52587890625,6975.94873046875,3557.6650390625,187.0884552001953
2026-01-23 00:00:00+05:30,15315.1884765625,3506.57568359375,9282.859375,5204.509765625,6900.736328125,3537.435791015625,189.7431640625
2026-01-27 00:00:00+05:30,15093.416015625,3358.2333984375,9360.2705078125,5200.64306640625,7090.251953125,3555.572265625,189.76283264160156
2026-01-28 00:00:00+05:30,14729.0751953125,3413.3544921875,9302.58203125,5328.72607421875,6997.720703125,3715.413330078125,192.0537567138672
2026-01-29 00:00:00+05:30,14357.8037109375,3349.22802734375,9379.9921875,5393.9755859375,6983.37109375,3642.269287109375,190.8050537109375
2026-01-30 00:00:00+05:30,14453.83984375,3396.135498046875,9464.3056640625,5349.50927734375,7048.68701171875,3664.591064453125,193.3909454345703
2026-02-02 00:00:00+05:30,14240.9775390625,3427.208984375,9364.7080078125,5435.5419921875,6913.10693359375,3633.101318359375,191.13934326171875
2026-02-03 00:00:00+05:30,14635.01953125,3491.236572265625,9462.333984375,5570.87451171875,7140.228515625,3713.32080078125,196.51760864257812
2026-02-04 00:00:00+05:30,14921.146484375,3536.857666015625,9505.23046875,5656.42431640625,7202.08056640625,3714.4169921875,197.54998779296875
2026-02-05 00:00:00+05:30,14909.265625,3534.87841796875,9513.119140625,5573.77490234375,7134.78564453125,3699.76806640625,198.12026977539062
2026-02-06 00:00:00+05:30,14847.8818359375,3540.816162109375,9386.40234375,5561.69140625,7103.1171875,3745.40869140625,198.45455932617188
2026-02-09 00:00:00+05:30,14829.0712890625,3572.087890625,9456.91015625,5564.59130859375,7120.9306640625,3751.587158203125,202.34814453125
2026-02-10 00:00:00+05:30,14995.400390625,3637.599853515625,9638.3564453125,5561.69140625,7220.38916015625,3749.294921875,206.21221923828125
2026-02-11 00:00:00+05:30,15258.755859375,3636.708984375,9732.53125,5600.1259765625,7690.46630859375,3851.637451171875,202.88893127441406
2026-02-12 00:00:00+05:30,15173.6103515625,3555.75927734375,9703.4404296875,5649.89404296875,7860.68408203125,3867.681396484375,207.4805908203125
2026-02-13 00:00:00+05:30,15085.49609375,3496.679443359375,9624.55078125,5503.0537109375,7981.41943359375,3851.13916015625,201.19776916503906
2026-02-16 00:00:00+05:30,14901.3447265625,3473.225830078125,9562.91796875,5412.3876953125,7927.484375,3794.13818359375,202.40713500976562
2026-02-17 00:00:00+05:30,15028.072265625,3452.93896484375,9690.1279296875,5496.1552734375,7951.73046875,3864.293212890625,204.1966094970703
2026-02-18 00:00:00+05:30,15013.2216796875,3493.809814453125,9841.498046875,5510.93798828125,7926.49462890625,3871.667236328125,204.8455352783203
2026-02-19 00:00:00+05:30,14754.81640625,3396.135498046875,9593.9814453125,5336.0107421875,7815.16064453125,3816.759521484375,200.07688903808594
2026-02-20 00:00:00+05:30,14828.0810546875,3377.3330078125,9670.8984375,5385.77880859375,7854.25146484375,3802.90771484375,205.3470001220703
2026-02-23 00:00:00+05:30,14922.13671875,3411.276611328125,9768.03125,5408.93798828125,7955.1943359375,3815.762939453125,207.22494506835938
2026-02-24 00:00:00+05:30,14777.587890625,3397.52099609375,9692.5927734375,5431.11181640625,7846.8291015625,3802.90771484375,206.65467834472656
2026-02-25 00:00:00+05:30,14920.15625,3455.01708984375,9956.8740234375,5654.32861328125,7925.01025390625,3918.304443359375,208.06069946289062
2026-02-26 00:00:00+05:30,15061.734375,3448.386962890625,9969.693359375,5703.111328125,8105.1240234375,3940.427001953125,208.36549377441406
2026-02-27 00:00:00+05:30,14709.2744140625,3362.0927734375,9834.1015625,5627.2275390625,7927.484375,3856.221435546875,207.5592498779297
2026-03-02 00:00:00+05:30,14244.9375,3299.648681640625,9640.3291015625,5510.4453125,7744.896484375,3799.818603515625,205.50430297851562
2026-03-04 00:00:00+05:30,14017.224609375,3230.376220703125,9518.54296875,5420.271484375,7547.4638671875,3733.649658203125,197.09771728515625
2026-03-05 00:00:00+05:30,14271.6689453125,3313.206298828125,9668.43359375,5507.48876953125,7674.63232421875,3805.099853515625,199.63442993164062
2026-03-06 00:00:00+05:30,14018.21484375,3297.867431640625,9679.7734375,5432.59033203125,7541.5263671875,3770.81982421875,191.4048309326172
2026-03-09 00:00:00+05:30,13373.6875,3154.473388671875,9252.783203125,5400.5615234375,7190.7001953125,3615.1640625,183.8044891357422
2026-03-10 00:00:00+05:30,13729.1181640625,3259.470703125,9476.6328125,5628.70556640625,7458.396484375,3771.916259765625,190.31344604492188
2026-03-11 00:00:00+05:30,13362.796875,3135.27490234375,9198.052734375,5494.18408203125,7178.32958984375,3588.258056640625,181.56272888183594
2026-03-12 00:00:00+05:30,12881.62890625,2999.698486328125,9034.849609375,5316.30078125,6903.21044921875,3410.6787109375,175.47654724121094
2026-03-13 00:00:00+05:30,12465.8056640625,2900.638916015625,8751.8330078125,5130.533203125,6671.140625,3312.92041015625,167.78770446777344
2026-03-16 00:00:00+05:30,12630.154296875,3004.5478515625,8947.0849609375,5201.982421875,6756.744140625,3363.045166015625,169.87216186523438
2026-03-17 00:00:00+05:30,12843.0166015625,3096.38330078125,8983.5712890625,5277.37353515625,6838.38916015625,3479.8369140625,173.1561279296875
2026-03-18 00:00:00+05:30,12918.26171875,3181.19287109375,9142.3369140625,5347.34423828125,6954.67138671875,3560.35546875,175.6240234375
2026-03-19 00:00:00+05:30,12473.7255859375,3013.7509765625,8745.4228515625,5097.51904296875,6722.60205078125,3442.16845703125,165.7425994873047
2026-03-20 00:00:00+05:30,12475.7060546875,3034.236083984375,8925.390625,5199.02587890625,6837.39990234375,3450.140625,166.05723571777344
2026-03-23 00:00:00+05:30,12232.15234375,2925.082275390625,8654.20703125,4991.5771484375,6612.25732421875,3400.61376953125,159.26312255859375
2026-03-24 00:00:00+05:30,12340.068359375,2999.797607421875,8774.513671875,5176.85205078125,6799.79345703125,3467.579833984375,164.32675170898438
2026-03-25 00:00:00+05:30,12584.6123046875,3095.591796875,8922.9248046875,5212.82275390625,6920.0341796875,3530.858642578125,168.08267211914062
2026-03-27 00:00:00+05:30,12265.8134765625,3009.69384765625,8777.4716796875,5068.44677734375,6740.91015625,3433.199951171875,160.35450744628906
2026-03-30 00:00:00+05:30,12183.638671875,2923.99365234375,8659.630859375,4989.6064453125,6517.7470703125,3363.800048828125,151.5447998046875
2026-04-01 00:00:00+05:30,12384.62109375,2999.99560546875,8772.048828125,5047.7509765625,6754.76513671875,3425.800048828125,146.60899353027344
2026-04-02 00:00:00+05:30,12505.4072265625,2980.4013671875,8636.94921875,4938.85302734375,6580.5888671875,3391.39990234375,145.9502410888672
2026-04-06 00:00:00+05:30,12561.8408203125,2990.198486328125,8818.396484375,5029.51904296875,6527.6435546875,3487.800048828125,148.37881469726562
2026-04-07 00:00:00+05:30,12670.7470703125,2975.3544921875,8923.9111328125,4977.7802734375,6537.044921875,3470.60009765625,150.3649139404297
2026-04-08 00:00:00+05:30,13466.7529296875,3176.739501953125,9236.0185546875,5210.85205078125,7057.09912109375,3701.39990234375,169.58700561523438
2026-04-09 00:00:00+05:30,13453.8818359375,3133.889404296875,9384.9228515625,5207.40283203125,7073.42822265625,3727.10009765625,167.52224731445312
2026-04-10 00:00:00+05:30,13572.6884765625,3225.923095703125,9677.30859375,5387.25732421875,7347.0625,3839.89990234375,175.0341033935547
2026-04-13 00:00:00+05:30,12945.982421875,3186.734375,9679.7734375,5170.93896484375,6976.9384765625,3738.10009765625,169.17405700683594
2026-04-15 00:00:00+05:30,13156.865234375,3222.6572265625,9728.09375,5210.85205078125,7054.1298828125,3783.300048828125,172.5366973876953
2026-04-16 00:00:00+05:30,13202.4072265625,3188.812744140625,9688.6484375,5084.70751953125,7057.09912109375,3757.199951171875,173.76573181152344
2026-04-17 00:00:00+05:30,13319.234375,3166.9423828125,9637.86328125,5154.67822265625,7114.99267578125,3735.800048828125,171.8484344482422
2026-04-20 00:00:00+05:30,13316.263671875,3188.1201171875,9666.9541015625,5205.92431640625,7167.9384765625,3761.89990234375,173.00865173339844
2026-04-21 00:00:00+05:30,13327.154296875,3213.552978515625,9657.0927734375,5182.76513671875,7165.46435546875,3752.699951171875,173.6477508544922
2026-04-22 00:00:00+05:30,13204.3876953125,3116.967041015625,9468.7431640625,5113.77978515625,7155.0732421875,3660.699951171875,175.96815490722656
2026-04-23 00:00:00+05:30,13029.1474609375,3016.027099609375,9417.9580078125,4959.0556640625,7018.998046875,3513.0,167.76805114746094
2026-04-24 00:00:00+05:30,12918.26171875,3006.82373046875,9443.1044921875,4889.57763671875,7037.80126953125,3488.199951171875,167.05027770996094
2026-04-27 00:00:00+05:30,13090.53125,3070.15869140625,9527.9111328125,4969.89599609375,7099.6533203125,3552.60009765625,166.46035766601562
2026-04-28 00:00:00+05:30,12763.8125,3056.00732421875,9363.7216796875,4994.53369140625,6998.2158203125,3495.89990234375,164.71022033691406
2026-04-29 00:00:00+05:30,13125.18359375,3119.540283203125,9411.0556640625,5040.35986328125,7114.99267578125,3553.89990234375,162.95022583007812
2026-04-30 00:00:00+05:30,13181.6162109375,3065.3095703125,9855.3037109375,5025.08447265625,7035.3271484375,3492.89990234375,159.37127685546875
2026-05-01 00:00:00+05:30,13181.6162109375,3065.3095703125,9855.3037109375,5025.08447265625,7035.3271484375,3492.89990234375,159.37127685546875
2026-05-04 00:00:00+05:30,13444.9716796875,3074.216064453125,9991.388671875,4993.0556640625,7253.046875,3495.5,158.07342529296875
2026-05-05 00:00:00+05:30,13292.5029296875,3177.43212890625,9906.58203125,5034.939453125,7225.83203125,3534.39990234375,157.56214904785156
2026-05-06 00:00:00+05:30,13585.5595703125,3266.496826171875,10175.79296875,5095.05517578125,7234.73876953125,3617.89990234375,164.9855194091797
2026-05-07 00:00:00+05:30,13633.08203125,3335.67041015625,10457.82421875,5265.54736328125,7251.5625,3706.699951171875,167.91552734375
2026-05-08 00:00:00+05:30,13589.51953125,3295.7890625,10562.845703125,5244.85205078125,7226.82177734375,3695.199951171875,165.7425994873047
2026-05-11 00:00:00+05:30,13348.935546875,3212.167236328125,10448.4560546875,5152.70703125,7127.85791015625,3613.699951171875,158.81085205078125
2026-05-12 00:00:00+05:30,13041.0283203125,3142.993896484375,10252.7109375,5008.82373046875,7052.15087890625,3561.0,153.3342742919922
2026-05-13 00:00:00+05:30,12972.71484375,3079.461181640625,10119.583984375,4922.591796875,6899.251953125,3527.199951171875,150.64022827148438
2026-05-14 00:00:00+05:30,12944.9931640625,3140.91552734375,10305.9609375,5003.4033203125,6961.1044921875,3460.800048828125,151.7512664794922
2026-05-15 00:00:00+05:30,13089.541015625,3090.643798828125,10233.4814453125,4991.08447265625,6941.80615234375,3466.800048828125,150.5615692138672
2026-05-18 00:00:00+05:30,12886.5791015625,3051.653076171875,10056.9658203125,4885.14306640625,6841.3583984375,3291.0,148.60494995117188
2026-05-19 00:00:00+05:30,12827.17578125,3060.163818359375,10063.375,4934.91064453125,6811.17431640625,3283.39990234375,148.84092712402344
2026-05-20 00:00:00+05:30,12873.708984375,3089.7529296875,10317.3017578125,4895.9833984375,6778.51611328125,3361.89990234375,151.0335235595703
2026-05-21 00:00:00+05:30,12880.638671875,3066.7939453125,10518.9638671875,4897.4619140625,6820.57568359375,3380.699951171875,151.888916015625
2026-05-22 00:00:00+05:30,12857.8681640625,3049.278076171875,10403.09375,4894.01220703125,6909.1484375,3417.5,155.55636596679688
2026-05-25 00:00:00+05:30,13039.0478515625,3106.37841796875,10345.40625,4906.82421875,7337.166015625,3469.5,161.32791137695312
2026-05-26 00:00:00+05:30,13076.669921875,3075.0078125,10445.990234375,4910.76611328125,7299.56005859375,3454.89990234375,157.84727478027344
2026-05-27 00:00:00+05:30,13231.119140625,3089.1591796875,10658.5,5001.43212890625,7342.1142578125,3384.60009765625,160.87562561035156
2026-05-28 00:00:00+05:30,13231.119140625,3089.1591796875,10658.5,5001.43212890625,7342.1142578125,3384.60009765625,160.87562561035156
2026-05-29 00:00:00+05:30,12996.4755859375,3013.94921875,10460.0,4831.92578125,7102.6220703125,3355.699951171875,152.83282470703125
2026-06-01 00:00:00+05:30,12817.275390625,2939.33251953125,10376.0,4750.0302734375,7026.9150390625,3344.39990234375,147.26776123046875
2026-06-02 00:00:00+05:30,12892.51953125,2967.140625,10281.0,4804.33154296875,7067.490234375,3366.89990234375,146.5500030517578
2026-06-03 00:00:00+05:30,12914.30078125,2979.8076171875,10259.0,4770.7255859375,7056.109375,3316.89990234375,145.83999633789062
2026-06-04 00:00:00+05:30,12934.1025390625,2984.755615234375,10362.0,4811.525390625,7036.31640625,3362.5,144.44000244140625
2026-06-05 00:00:00+05:30,12920.2412109375,3008.902099609375,10342.0,4764.91162109375,6996.73095703125,3383.89990234375,145.2899932861328
2026-06-08 00:00:00+05:30,12783.61328125,2935.17626953125,10231.0,4706.27392578125,6976.9384765625,3317.60009765625,141.02000427246094
2026-06-09 00:00:00+05:30,12989.544921875,2959.02587890625,10184.0,4785.015625,7128.35302734375,3358.0,143.8000030517578
2026-06-10 00:00:00+05:30,12943.0126953125,2921.816650390625,10144.0,4786.296875,7144.681640625,3334.89990234375,141.5399932861328
2026-06-11 00:00:00+05:30,12967.763671875,2969.71337890625,10114.0,4766.09423828125,7105.09619140625,3287.39990234375,138.5800018310547
2026-06-12 00:00:00+05:30,13233.099609375,3011.27685546875,10063.0,4890.66162109375,7236.22314453125,3312.800048828125,152.4499969482422
2026-06-15 00:00:00+05:30,13667.734375,3101.727294921875,9943.0,4951.171875,7545.48486328125,3459.5,157.6999969482422
2026-06-16 00:00:00+05:30,13554.8681640625,3105.289794921875,9939.0,4958.0703125,7482.14794921875,3435.5,158.5
2026-06-17 00:00:00+05:30,13494.474609375,3100.341552734375,10042.0,4943.681640625,7431.181640625,3448.699951171875,159.57000732421875
2026-06-18 00:00:00+05:30,13349.92578125,3103.904296875,10077.0,4948.806640625,7522.22802734375,3457.60009765625,158.4499969482422
2026-06-19 00:00:00+05:30,13261.810546875,3042.845703125,10066.0,4902.783203125,7532.12451171875,3442.89990234375,156.66000366210938
2026-06-22 00:00:00+05:30,13287.552734375,3031.56396484375,10191.0,4911.4560546875,7560.3291015625,3488.699951171875,157.19000244140625
2026-06-23 00:00:00+05:30,13317.25390625,3005.7353515625,10025.0,4902.48779296875,7499.466796875,3456.199951171875,151.4600067138672
2026-06-24 00:00:00+05:30,13116.2724609375,3032.652587890625,9750.0,4826.2099609375,7493.52880859375,3440.60009765625,154.91000366210938
2026-06-25 00:00:00+05:30,13608.3310546875,3149.12939453125,9843.0,4825.1259765625,7519.25927734375,3569.699951171875,160.67999267578125
2026-06-26 00:00:00+05:30,13608.3310546875,3149.12939453125,9843.0,4825.1259765625,7519.25927734375,3569.699951171875,160.67999267578125
2026-06-29 00:00:00+05:30,13278.6416015625,3060.8564453125,9630.0,4743.82177734375,7349.0419921875,3456.800048828125,157.36000061035156
2026-06-30 00:00:00+05:30,13974.65234375,3036.907958984375,9716.0,4724.80126953125,7000.19482421875,3460.60009765625,157.6999969482422
2026-07-01 00:00:00+05:30,14251.8681640625,3097.471923828125,9842.0,4764.81298828125,7065.01611328125,3494.0,162.32000732421875
2026-07-02 00:00:00+05:30,14205.3349609375,3142.39990234375,9857.0,4796.54638671875,7174.86572265625,3626.800048828125,164.72999572753906
2026-07-03 00:00:00+05:30,14223.15625,3136.89990234375,9785.5,4782.25634765625,7263.4384765625,3627.39990234375,164.35000610351562
2026-07-06 00:00:00+05:30,14312.26171875,3201.199951171875,10036.5,4872.7255859375,7394.0703125,3705.0,166.1199951171875
2026-07-07 00:00:00+05:30,14393.4462890625,3196.39990234375,10109.5,4922.986328125,7457.90185546875,3712.699951171875,164.16000366210938
2026-07-08 00:00:00+05:30,13812.2822265625,3102.5,10164.0,4821.87353515625,7341.61962890625,3639.699951171875,156.22000122070312
2026-07-09 00:00:00+05:30,13591.5,3085.39990234375,10155.0,4827.49072265625,7284.71533203125,3626.10009765625,155.19000244140625
2026-07-10 00:00:00+05:30,13716.2470703125,3129.39990234375,10156.0,4877.357421875,7289.1689453125,3623.10009765625,157.49000549316406
2026-07-13 00:00:00+05:30,13558.828125,3160.39990234375,10381.0,4880.31396484375,7220.8837890625,3676.89990234375,159.22000122070312
2026-07-14 00:00:00+05:30,13354.8759765625,3093.300048828125,10166.0,4807.58349609375,7204.06005859375,3608.39990234375,155.19000244140625
2026-07-15 00:00:00+05:30,13447.94140625,3082.89990234375,10323.0,4805.51416015625,7327.7646484375,3612.300048828125,156.52000427246094
2026-07-16 00:00:00+05:30,13645.953125,3117.800048828125,10331.5,4826.998046875,7341.61962890625,3563.5,154.8699951171875
2026-07-17 00:00:00+05:30,13665.75390625,3179.199951171875,10443.0,4838.7255859375,7485.11669921875,3618.199951171875,155.22999572753906
2026-07-20 00:00:00+05:30,13379.6279296875,3165.5,10522.5,4905.54296875,7485.11669921875,3590.199951171875,154.8000030517578
2026-07-21 00:00:00+05:30,13461.802734375,3201.699951171875,10403.5,4961.12548828125,7609.81103515625,3792.0,153.94000244140625
2026-07-22 00:00:00+05:30,13410.3193359375,3175.300048828125,10998.5,4914.806640625,7552.9072265625,3907.60009765625,152.49000549316406
2026-07-23 00:00:00+05:30,13269.7314453125,3229.699951171875,11283.5,5098.7998046875,7641.4794921875,3919.800048828125,150.64999389648438
2026-07-24 00:00:00+05:30,13308.34375,3161.39990234375,11130.0,5011.10009765625,7548.9482421875,3870.199951171875,151.07000732421875
2026-07-27 00:00:00+05:30,13593.48046875,3238.60009765625,11183.5,5113.7998046875,7688.98193359375,3876.39990234375,155.05999755859375
2026-07-28 00:00:00+05:30,13664.763671875,3271.199951171875,11374.0,5154.2998046875,7754.79296875,3993.5,157.5
2026-07-29 00:00:00+05:30,13809.3125,3221.800048828125,11338.0,5149.10009765625,7698.3837890625,4075.60009765625,157.9600067138672
2026-07-30 00:00:00+05:30,14046.92578125,3283.699951171875,11432.0,5325.0,7830.5,4208.39990234375,158.08999633789062
2026-07-31 00:00:00+05:30,14092.46875,3398.5,11520.5,5386.0,7833.5,4313.10009765625,166.17999267578125
2026-08-03 00:00:00+05:30,14009.3037109375,3428.60009765625,11856.0,5460.0,8050.0,4389.0,174.5500030517578
2026-08-04 00:00:00+05:30,14027.125,3433.0,11600.0,5548.0,7935.0,4360.0,172.0800018310547
2026-08-05 00:00:00+05:30,14048.90625,3455.39990234375,11800.0,5690.0,7986.5,4455.2001953125,177.0
2026-08-06 00:00:00+05:30,13940.0,3406.0,11620.0,5550.5,7967.5,4375.0,177.5
2026-08-07 00:00:00+05:30,14037.0,3502.0,11662.0,5725.0,8020.0,4440.89990234375,177.5
2026-08-10 00:00:00+05:30,14097.0,3517.0,11677.0,5860.0,7975.0,4466.2001953125,174.0
2026-08-11 00:00:00+05:30,13990.0,3460.10009765625,11717.0,5865.5,8000.0,4400.0,174.8300018310547
2026-08-12 00:00:00+05:30,13875.0,3403.60009765625,11700.0,5895.0,8049.0,4375.0,176.6999969482422
2026-08-13 00:00:00+05:30,13905.0,3428.199951171875,11661.0,5850.0,8100.0,4342.2001953125,176.22999572753906
2026-08-14 00:00:00+05:30,13834.0,3428.300048828125,11700.0,5790.0,8066.5,4307.0,171.63999938964844
2026-08-17 00:00:00+05:30,13760.0,3390.39990234375,11663.0,5745.0,8050.0,4385.89990234375,177.10000610351562
2026-08-18 00:00:00+05:30,13691.0,3421.5,11607.0,5745.5,8018.5,4356.7998046875,176.35000610351562
2026-08-19 00:00:00+05:30,13690.0,3415.0,11645.0,5709.5,7990.5,4361.10009765625,173.10000610351562
2026-08-20 00:00:00+05:30,13809.0,3424.800048828125,11793.0,5740.5,8042.0,4390.0,173.8000030517578
2026-08-21 00:00:00+05:30,13565.0,3412.199951171875,11700.0,5735.0,8010.0,4390.0,173.0
2026-08-24 00:00:00+05:30,13620.0,3414.10009765625,11800.0,5685.0,8047.0,4363.5,173.2899932861328
2026-08-25 00:00:00+05:30,13678.0,3443.0,11927.0,5624.5,8055.0,4420.0,174.69000244140625
2026-08-26 00:00:00+05:30,13520.0,3398.199951171875,11724.0,5595.0,8035.0,4464.0,179.0500030517578
2026-08-27 00:00:00+05:30,13440.0,3330.0,11720.0,5550.0,8100.0,4409.7998046875,177.39999389648438
2026-08-28 00:00:00+05:30,13376.0,3334.0,11910.0,5600.0,8059.0,4304.2001953125,175.77000427246094
2026-08-31 00:00:00+05:30,13547.0,3282.0,12130.0,5450.0,7953.5,4341.2998046875,175.63999938964844
2026-09-01 00:00:00+05:30,12950.0,3259.0,12361.0,5555.0,7970.0,4203.0,170.52999877929688
2026-09-02 00:00:00+05:30,12849.0,3190.0,12130.0,5300.0,7711.5,4200.0,167.89999389648438
2026-09-03 00:00:00+05:30,12857.0,3150.0,11920.0,5308.5,7690.0,4200.0,169.35000610351562
2026-09-04 00:00:00+05:30,12694.0,3170.0,11919.0,5300.0,7630.5,4133.10009765625,169.0
2026-09-07 00:00:00+05:30,12760.0,3160.0,11800.0,5270.0,7672.0,4132.0,170.0
2026-09-08 00:00:00+05:30,12641.0,3160.0,11880.0,5333.5,7747.5,4133.2001953125,169.0
2026-09-09 00:00:00+05:30,12618.0,3150.0,11790.0,5218.0,7734.5,4151.10009765625,167.0
2026-09-10 00:00:00+05:30,12590.0,3123.800048828125,11768.0,5280.0,7697.0,4121.5,166.1199951171875
2026-09-11 00:00:00+05:30,12400.0,3107.0,11678.0,5221.5,7530.0,4125.0,163.75
2026-09-14 00:00:00+05:30,12400.0,3107.0,11678.0,5221.5,7530.0,4125.0,163.75
2026-09-15 00:00:00+05:30,12231.0,3029.5,11424.0,5166.0,7452.5,4050.0,156.64999389648438
2026-09-16 00:00:00+05:30,12166.0,3070.0,11593.0,5235.0,7500.0,4033.0,156.5
2026-09-17 00:00:00+05:30,12338.0,3076.5,11500.0,5325.0,7493.5,4101.7001953125,158.6199951171875
2026-09-18 00:00:00+05:30,12103.0,3052.0,11414.0,5285.5,7516.0,4171.2998046875,163.0
2026-09-21 00:00:00+05:30,12153.0,3055.300048828125,11460.0,5419.0,7512.5,4155.0,161.75
2026-09-22 00:00:00+05:30,12190.0,3044.5,11363.0,5373.0,7427.0,4140.0,160.75
