Date,HDFCBANK.NS,ICICIBANK.NS,KOTAKBANK.NS,AXISBANK.NS
2022-04-26 00:00:00+05:30,641.98046875,725.0397338867188,346.663818359375,771.1828002929688
2022-04-27 00:00:00+05:30,642.2144165039062,708.6392211914062,346.4250793457031,762.1276245117188
2022-04-28 00:00:00+05:30,641.6528930664062,718.691162109375,351.2290954589844,775.9591064453125
2022-04-29 00:00:00+05:30,647.8525390625,714.98779296875,356.2220764160156,725.0112915039062
2022-05-02 00:00:00+05:30,656.7894287109375,712.7754516601562,352.959716796875,723.7673950195312
2022-05-04 00:00:00+05:30,634.4706420898438,696.6635131835938,353.2084045410156,703.7167358398438
2022-05-05 00:00:00+05:30,633.0435180664062,701.0401611328125,357.584716796875,698.8905639648438
2022-05-06 00:00:00+05:30,616.5032958984375,691.8538208007812,353.1487121582031,670.083251953125
2022-05-09 00:00:00+05:30,617.55615234375,683.2928466796875,351.59710693359375,660.4309692382812
2022-05-10 00:00:00+05:30,627.4755859375,684.2066650390625,357.49517822265625,656.5004272460938
2022-05-11 00:00:00+05:30,631.0081787109375,686.9962158203125,360.0413818359375,669.0383911132812
2022-05-12 00:00:00+05:30,616.7843627929688,669.2969970703125,350.2842102050781,646.4501953125
2022-05-13 00:00:00+05:30,611.246337890625,651.5498046875,353.994140625,632.8176879882812
2022-05-16 00:00:00+05:30,617.7546997070312,656.984619140625,360.6183166503906,635.8029174804688
2022-05-17 00:00:00+05:30,621.9674682617188,682.9561157226562,366.0787353515625,651.72412109375
2022-05-18 00:00:00+05:30,621.9201049804688,680.4071044921875,367.3717041015625,656.2019653320312
2022-05-19 00:00:00+05:30,609.2109375,664.006591796875,354.7599792480469,646.9974975585938
2022-05-20 00:00:00+05:30,625.257080078125,682.5233154296875,363.8607177734375,669.78466796875
2022-05-23 00:00:00+05:30,617.2340698242188,683.9662475585938,368.8636169433594,672.0235595703125
2022-05-24 00:00:00+05:30,624.3104858398438,681.1766357421875,374.4931640625,660.7792358398438
2022-05-25 00:00:00+05:30,628.972900390625,686.1785888671875,379.4563293457031,661.7245483398438
2022-05-26 00:00:00+05:30,646.912353515625,700.7515258789062,379.6751403808594,679.8847045898438
2022-05-27 00:00:00+05:30,658.91162109375,711.62109375,387.14471435546875,684.9098510742188
2022-05-30 00:00:00+05:30,663.4082641601562,719.98974609375,378.5910339355469,690.2335815429688
2022-05-31 00:00:00+05:30,657.4442138671875,724.1740112304688,367.38165283203125,681.8250732421875
2022-06-01 00:00:00+05:30,660.2369384765625,723.9817504882812,371.01202392578125,682.6708374023438
2022-06-02 00:00:00+05:30,655.6218872070312,721.1920776367188,369.530029296875,688.143798828125
2022-06-03 00:00:00+05:30,653.349853515625,715.9497680664062,369.7289733886719,673.9639892578125
2022-06-06 00:00:00+05:30,652.4740600585938,718.306396484375,371.8475036621094,668.88916015625
2022-06-07 00:00:00+05:30,644.9716796875,707.2445068359375,369.6294860839844,662.5703735351562
2022-06-08 00:00:00+05:30,647.2437744140625,701.7134399414062,367.1131591796875,655.3560791015625
2022-06-09 00:00:00+05:30,652.119140625,704.8396606445312,371.03192138671875,658.0427856445312
2022-06-10 00:00:00+05:30,639.5283203125,692.5753173828125,356.4309387207031,657.44580078125
2022-06-13 00:00:00+05:30,627.9315185546875,661.7941284179688,345.5995788574219,645.753662109375
2022-06-14 00:00:00+05:30,621.0208129882812,659.3893432617188,346.06707763671875,647.5447387695312
2022-06-15 00:00:00+05:30,618.8670043945312,661.07275390625,345.4603271484375,647.2960205078125
2022-06-16 00:00:00+05:30,606.4892578125,652.6560668945312,333.3558349609375,631.7728881835938
2022-06-17 00:00:00+05:30,610.4889526367188,660.6879272460938,332.9181823730469,632.0712890625
2022-06-20 00:00:00+05:30,625.8251953125,659.822265625,334.03216552734375,625.205322265625
2022-06-21 00:00:00+05:30,632.6412353515625,669.5856323242188,334.48968505859375,633.364990234375
2022-06-22 00:00:00+05:30,629.6591796875,660.4474487304688,332.1424255371094,623.7127075195312
2022-06-23 00:00:00+05:30,631.9785766601562,672.5194702148438,335.00689697265625,626.2501831054688
2022-06-24 00:00:00+05:30,640.8063354492188,686.2747802734375,337.85150146484375,630.8772583007812
2022-06-27 00:00:00+05:30,641.9660034179688,690.0261840820312,336.4888916015625,633.9619750976562
2022-06-28 00:00:00+05:30,637.06689453125,683.2447509765625,331.9633483886719,639.18603515625
2022-06-29 00:00:00+05:30,636.1439208984375,675.9823608398438,326.7217102050781,622.4688720703125
2022-06-30 00:00:00+05:30,638.0609741210938,680.2628173828125,330.4316711425781,633.6634521484375
2022-07-01 00:00:00+05:30,640.7826538085938,677.0885620117188,331.7544860839844,640.7782592773438
2022-07-04 00:00:00+05:30,641.6820068359375,692.6714477539062,332.381103515625,651.1270141601562
2022-07-05 00:00:00+05:30,640.23828125,692.0462646484375,330.819580078125,645.3058471679688
2022-07-06 00:00:00+05:30,649.0661010742188,698.2986450195312,339.0649108886719,654.7093505859375
2022-07-07 00:00:00+05:30,660.6865844726562,713.7373657226562,345.8283386230469,655.9052734375
2022-07-08 00:00:00+05:30,661.3018188476562,726.91552734375,347.0716247558594,666.8677368164062
2022-07-11 00:00:00+05:30,665.585693359375,740.1898803710938,346.3753967285156,677.5311889648438
2022-07-12 00:00:00+05:30,658.7932739257812,730.9555053710938,341.9394226074219,673.8936767578125
2022-07-13 00:00:00+05:30,642.7233276367188,724.5106811523438,346.5345153808594,677.5810546875
2022-07-14 00:00:00+05:30,639.504638671875,723.7412109375,352.1043701171875,665.9707641601562
2022-07-15 00:00:00+05:30,644.71142578125,722.5869140625,355.6153564453125,659.94140625
2022-07-18 00:00:00+05:30,637.8480224609375,742.5947265625,367.1429748535156,682.1654052734375
2022-07-19 00:00:00+05:30,638.0845947265625,750.9152221679688,365.0144958496094,698.2103881835938
2022-07-20 00:00:00+05:30,646.13134765625,753.2718505859375,363.5822448730469,703.2930297851562
2022-07-21 00:00:00+05:30,644.0960693359375,756.0614013671875,358.1714782714844,713.109375
2022-07-22 00:00:00+05:30,659.1245727539062,769.576171875,363.4529724121094,728.2576293945312
2022-07-25 00:00:00+05:30,661.0652465820312,770.3938598632812,357.1769104003906,724.869140625
2022-07-26 00:00:00+05:30,659.7161865234375,765.9690551757812,350.4234924316406,704.04052734375
2022-07-27 00:00:00+05:30,664.7572631835938,770.0090942382812,348.9315185546875,716.4978637695312
2022-07-28 00:00:00+05:30,670.6503295898438,783.5719604492188,363.7314453125,723.4241333007812
2022-07-29 00:00:00+05:30,678.8627319335938,787.4196166992188,360.1210021972656,722.278076171875
2022-08-01 00:00:00+05:30,684.5191650390625,792.0368041992188,369.1520690917969,728.307373046875
2022-08-02 00:00:00+05:30,676.9931030273438,786.60205078125,374.89105224609375,727.9586181640625
2022-08-03 00:00:00+05:30,678.5787353515625,793.3834228515625,368.22705078125,728.0084228515625
2022-08-04 00:00:00+05:30,677.774169921875,789.0067749023438,365.1338195800781,719.1388549804688
2022-08-05 00:00:00+05:30,675.4784545898438,806.2731323242188,364.8056335449219,726.0152587890625
2022-08-08 00:00:00+05:30,692.0452880859375,809.9019165039062,366.9142150878906,743.0071411132812
2022-08-10 00:00:00+05:30,694.0570068359375,821.320556640625,363.7016296386719,736.4794921875
2022-08-11 00:00:00+05:30,703.23974609375,831.9166870117188,368.9264831542969,756.26171875
2022-08-12 00:00:00+05:30,702.9794311523438,846.1416625976562,366.478271484375,757.9559936523438
2022-08-16 00:00:00+05:30,711.0261840820312,850.8348999023438,367.5032958984375,762.0419311523438
2022-08-17 00:00:00+05:30,714.694580078125,854.7056274414062,366.1796875,769.4664916992188
2022-08-18 00:00:00+05:30,715.5465698242188,856.4957885742188,379.0776672363281,762.4406127929688
2022-08-19 00:00:00+05:30,706.7188110351562,842.2709350585938,373.60400390625,754.916259765625
2022-08-22 00:00:00+05:30,695.9739990234375,824.7073974609375,364.6570129394531,739.3197021484375
2022-08-23 00:00:00+05:30,693.8203125,835.9810180664062,369.3742980957031,744.5020141601562
2022-08-24 00:00:00+05:30,697.1573486328125,845.0771484375,371.7330017089844,747.5914306640625
2022-08-25 00:00:00+05:30,693.3706665039062,844.1578369140625,371.9618835449219,740.8145751953125
2022-08-26 00:00:00+05:30,693.4888916015625,842.706298828125,378.59002685546875,742.3593139648438
2022-08-29 00:00:00+05:30,681.3241577148438,828.1910400390625,368.22979736328125,726.2145385742188
2022-08-30 00:00:00+05:30,703.4290161132812,858.6246948242188,381.2572021484375,748.936767578125
2022-09-01 00:00:00+05:30,696.8259887695312,846.0931396484375,378.749267578125,741.6119384765625
2022-09-02 00:00:00+05:30,703.1450805664062,844.206298828125,381.9339294433594,747.6412353515625
2022-09-05 00:00:00+05:30,707.6654663085938,853.9315185546875,385.7257385253906,753.5211181640625
2022-09-06 00:00:00+05:30,704.9674072265625,855.0926513671875,381.3069763183594,747.44189453125
2022-09-07 00:00:00+05:30,701.6304321289062,847.8834838867188,379.8240661621094,752.8235473632812
2022-09-08 00:00:00+05:30,708.8724975585938,869.7530517578125,384.1632385253906,777.0904541015625
2022-09-09 00:00:00+05:30,709.3457641601562,872.1238403320312,383.4267578125,782.173095703125
2022-09-12 00:00:00+05:30,706.9555053710938,877.881591796875,382.958984375,798.2680053710938
2022-09-13 00:00:00+05:30,716.209228515625,880.5911865234375,382.839599609375,802.802490234375
2022-09-14 00:00:00+05:30,723.5697021484375,888.4293212890625,389.06964111328125,800.3109130859375
2022-09-15 00:00:00+05:30,719.8065795898438,887.9454345703125,384.97930908203125,787.3055419921875
2022-09-16 00:00:00+05:30,706.5768432617188,879.7201538085938,384.2129821777344,786.6079711914062
2022-09-19 00:00:00+05:30,711.2391357421875,870.14013671875,384.05377197265625,795.3778686523438
2022-09-20 00:00:00+05:30,719.8065795898438,887.1229858398438,386.0939636230469,809.9779052734375
2022-09-21 00:00:00+05:30,718.6942138671875,885.67138671875,381.8642883300781,803.7990112304688
2022-09-22 00:00:00+05:30,703.3817138671875,874.2044677734375,376.7389221191406,786.5082397460938
2022-09-23 00:00:00+05:30,684.5191650390625,853.7379150390625,370.7576904296875,765.9783935546875
2022-09-26 00:00:00+05:30,675.2890625,833.2230224609375,364.0498962402344,740.067138671875
2022-09-27 00:00:00+05:30,669.2303466796875,824.9977416992188,358.1383361816406,734.9845581054688
2022-09-28 00:00:00+05:30,657.7282104492188,822.0462646484375,356.80474853515625,714.0064086914062
2022-09-29 00:00:00+05:30,654.3201293945312,816.6272583007812,351.3708801269531,716.5476684570312
2022-09-30 00:00:00+05:30,672.7803344726562,834.142333984375,362.09930419921875,730.69921875
2022-10-03 00:00:00+05:30,668.9226684570312,820.9334716796875,355.0730895996094,720.2848510742188
2022-10-04 00:00:00+05:30,687.7615966796875,839.6097412109375,362.70635986328125,740.2664794921875
2022-10-06 00:00:00+05:30,680.1881103515625,856.8345336914062,362.03955078125,752.5245361328125
2022-10-07 00:00:00+05:30,677.2534790039062,854.0281372070312,363.3333740234375,753.1224975585938
2022-10-10 00:00:00+05:30,669.774658203125,853.2540283203125,359.9197692871094,774.2003173828125
2022-10-11 00:00:00+05:30,662.9822998046875,842.46435546875,355.8692321777344,782.8706665039062
2022-10-12 00:00:00+05:30,667.3133544921875,840.287109375,360.30792236328125,805.9417114257812
2022-10-13 00:00:00+05:30,659.645263671875,826.0137939453125,358.5762023925781,799.2645874023438
2022-10-14 00:00:00+05:30,681.1348266601562,842.1257934570312,365.0451354980469,797.7697143554688
2022-10-17 00:00:00+05:30,684.7085571289062,856.592529296875,369.8520202636719,811.3731079101562
2022-10-18 00:00:00+05:30,683.4305419921875,867.91455078125,370.1605529785156,813.5656127929688
2022-10-19 00:00:00+05:30,690.4359130859375,863.2695922851562,372.081298828125,827.01953125
2022-10-20 00:00:00+05:30,685.7736206054688,859.93115234375,370.92681884765625,823.033203125
2022-10-21 00:00:00+05:30,680.9454345703125,877.833251953125,378.70941162109375,897.3289184570312
2022-10-24 00:00:00+05:30,691.5719604492188,896.3642578125,377.3460388183594,906.34814453125
2022-10-25 00:00:00+05:30,686.767578125,895.1547241210938,367.5531311035156,899.7705688476562
2022-10-27 00:00:00+05:30,688.4242553710938,894.5258178710938,371.21551513671875,912.0286865234375
2022-10-28 00:00:00+05:30,690.4595947265625,878.5105590820312,375.0470886230469,899.9699096679688
2022-10-31 00:00:00+05:30,708.4464721679688,879.3331298828125,378.5701599121094,902.9098510742188
2022-11-01 00:00:00+05:30,716.2802124023438,879.2363891601562,380.0131530761719,868.7766723632812
2022-11-02 00:00:00+05:30,716.7297973632812,875.46240234375,380.1624755859375,860.6046752929688
2022-11-03 00:00:00+05:30,713.582275390625,879.2847900390625,378.2118225097656,861.1029052734375
2022-11-04 00:00:00+05:30,708.659423828125,876.0429077148438,378.17205810546875,865.1390991210938
2022-11-07 00:00:00+05:30,714.1738891601562,887.8487548828125,374.7185974121094,869.9725952148438
2022-11-09 00:00:00+05:30,713.9608154296875,881.0748901367188,376.8683166503906,870.7200317382812
2022-11-10 00:00:00+05:30,721.7236328125,881.2684326171875,380.600341796875,840.8223266601562
2022-11-11 00:00:00+05:30,762.6200561523438,877.2525634765625,378.0028381347656,847.7985229492188
2022-11-14 00:00:00+05:30,764.4661865234375,866.0275268554688,382.7201843261719,848.097412109375
2022-11-15 00:00:00+05:30,766.3358764648438,882.2362060546875,380.650146484375,855.7213134765625
2022-11-16 00:00:00+05:30,772.915283203125,884.0747680664062,391.2989501953125,852.482421875
2022-11-17 00:00:00+05:30,765.9334716796875,890.0744018554688,388.2436218261719,855.27294921875
2022-11-18 00:00:00+05:30,763.921875,890.6066284179688,390.0350036621094,856.2694702148438
2022-11-21 00:00:00+05:30,756.0880126953125,891.6227416992188,386.9598083496094,867.08251953125
2022-11-22 00:00:00+05:30,754.9756469726562,893.848388671875,386.0939636230469,867.08251953125
2022-11-23 00:00:00+05:30,756.9400024414062,897.4771728515625,388.80096435546875,871.7166748046875
2022-11-24 00:00:00+05:30,769.2468872070312,908.5087890625,387.10906982421875,875.5534057617188
2022-11-25 00:00:00+05:30,765.6968383789062,900.2350463867188,383.8348388671875,884.7220458984375
2022-11-28 00:00:00+05:30,757.460693359375,907.1056518554688,383.78509521484375,888.6586303710938
2022-11-29 00:00:00+05:30,756.32470703125,916.1535034179688,383.26751708984375,889.5056762695312
2022-11-30 00:00:00+05:30,761.342041015625,922.1046752929688,387.5469665527344,898.176025390625
2022-12-01 00:00:00+05:30,766.572509765625,909.815185546875,385.0091247558594,900.7672119140625
2022-12-02 00:00:00+05:30,760.703125,900.5253295898438,384.31256103515625,902.062744140625
2022-12-05 00:00:00+05:30,763.4721069335938,903.4283447265625,385.835205078125,896.133056640625
2022-12-06 00:00:00+05:30,762.6200561523438,892.8323364257812,385.1982421875,901.5645141601562
2022-12-07 00:00:00+05:30,762.2887573242188,892.3485107421875,380.4610290527344,911.5303344726562
2022-12-08 00:00:00+05:30,766.572509765625,901.7833251953125,377.5848693847656,936.1460571289062
2022-12-09 00:00:00+05:30,772.0396118164062,899.8479614257812,375.80340576171875,930.515380859375
2022-12-12 00:00:00+05:30,778.0509643554688,900.2350463867188,371.3647766113281,935.4485473632812
2022-12-13 00:00:00+05:30,780.2046508789062,902.7994384765625,371.91217041015625,941.378173828125
2022-12-14 00:00:00+05:30,786.8077392578125,891.96142578125,372.8476867675781,939.185791015625
2022-12-15 00:00:00+05:30,772.3945922851562,879.4298706054688,370.8572082519531,934.9501953125
2022-12-16 00:00:00+05:30,776.1103515625,872.849609375,366.3488464355469,931.9105834960938
2022-12-19 00:00:00+05:30,778.5242919921875,877.1558227539062,369.8520202636719,942.9727172851562
2022-12-20 00:00:00+05:30,773.1519775390625,880.3008422851562,367.6526184082031,946.5106201171875
2022-12-21 00:00:00+05:30,765.673095703125,863.4147338867188,361.1837463378906,929.1201782226562
2022-12-22 00:00:00+05:30,763.046142578125,861.866455078125,363.46270751953125,916.4136352539062
2022-12-23 00:00:00+05:30,756.2300415039062,850.4962158203125,362.6466979980469,903.5077514648438
2022-12-26 00:00:00+05:30,771.2822265625,864.3341064453125,360.9747009277344,925.5324096679688
2022-12-27 00:00:00+05:30,772.0631713867188,871.5432739257812,362.43768310546875,929.0205078125
2022-12-28 00:00:00+05:30,771.4478759765625,869.8982543945312,362.2784423828125,921.5460815429688
2022-12-29 00:00:00+05:30,776.891357421875,878.7041625976562,362.00970458984375,931.3624267578125
2022-12-30 00:00:00+05:30,770.6668701171875,862.0599365234375,363.70159912109375,930.5652465820312
2023-01-02 00:00:00+05:30,770.92724609375,873.28515625,363.2637023925781,938.388427734375
2023-01-03 00:00:00+05:30,775.96826171875,872.2206420898438,364.81622314453125,959.017822265625
2023-01-04 00:00:00+05:30,762.0994873046875,870.0433349609375,362.4078063964844,954.1843872070312
2023-01-05 00:00:00+05:30,757.2003784179688,850.7380981445312,362.3182373046875,946.311279296875
2023-01-06 00:00:00+05:30,754.6917724609375,841.9805297851562,355.6502990722656,936.6942749023438
2023-01-09 00:00:00+05:30,756.1590576171875,845.1255493164062,360.64630126953125,955.47998046875
2023-01-10 00:00:00+05:30,742.3375854492188,833.5133056640625,357.3919372558594,948.9024658203125
2023-01-11 00:00:00+05:30,753.0350341796875,838.3033447265625,358.6459045410156,946.5106201171875
2023-01-12 00:00:00+05:30,757.0584106445312,832.8359985351562,354.197265625,932.3590698242188
2023-01-13 00:00:00+05:30,757.6500854492188,845.2222900390625,354.35650634765625,930.9638671875
2023-01-16 00:00:00+05:30,750.3843383789062,837.287353515625,355.2522277832031,910.0354614257812
2023-01-17 00:00:00+05:30,761.5551147460938,837.1905517578125,357.8099365234375,914.5699462890625
2023-01-18 00:00:00+05:30,774.9979858398438,841.3999633789062,358.0985412597656,920.8484497070312
2023-01-19 00:00:00+05:30,778.2166137695312,838.1582641601562,351.7689514160156,925.5324096679688
2023-01-20 00:00:00+05:30,786.1923828125,842.222412109375,350.8931579589844,927.3760986328125
2023-01-23 00:00:00+05:30,791.9434204101562,843.5288696289062,355.0432434082031,929.518798828125
2023-01-24 00:00:00+05:30,802.5462036132812,842.6095581054688,350.3656921386719,907.0955810546875
2023-01-25 00:00:00+05:30,780.370361328125,827.6588134765625,348.28570556640625,889.3064575195312
2023-01-27 00:00:00+05:30,764.8211669921875,790.7901611328125,340.9808349609375,870.7698364257812
2023-01-30 00:00:00+05:30,764.0401611328125,796.8865966796875,343.5982360839844,868.8763427734375
2023-01-31 00:00:00+05:30,758.9990234375,805.0150756835938,344.543701171875,868.6271362304688
2023-02-01 00:00:00+05:30,770.3828735351562,820.5464477539062,347.27056884765625,854.3261108398438
2023-02-02 00:00:00+05:30,758.9281005859375,830.1749267578125,350.6642761230469,865.4879760742188
2023-02-03 00:00:00+05:30,785.1747436523438,835.8840942382812,354.35650634765625,879.589599609375
2023-02-06 00:00:00+05:30,781.8377685546875,826.110595703125,347.7283630371094,879.6395263671875
2023-02-07 00:00:00+05:30,782.9973754882812,825.1913452148438,353.3811950683594,876.1015625
2023-02-08 00:00:00+05:30,782.9026489257812,831.3360595703125,351.4107360839844,868.7766723632812
2023-02-09 00:00:00+05:30,781.2696533203125,832.9811401367188,352.48553466796875,864.740478515625
2023-02-10 00:00:00+05:30,784.3700561523438,826.2556762695312,352.7144470214844,864.2920532226562
2023-02-13 00:00:00+05:30,784.961669921875,823.1591186523438,353.062744140625,856.1698608398438
2023-02-14 00:00:00+05:30,792.2273559570312,837.3357543945312,352.3760681152344,867.7800903320312
2023-02-15 00:00:00+05:30,790.6181030273438,842.657958984375,355.39154052734375,865.3384399414062
2023-02-16 00:00:00+05:30,787.7544555664062,841.3515625,355.8791809082031,861.8004760742188
2023-02-17 00:00:00+05:30,783.8021240234375,834.7713012695312,350.1666564941406,851.9842529296875
2023-02-20 00:00:00+05:30,776.441650390625,824.5621948242188,345.79766845703125,843.8619384765625
2023-02-21 00:00:00+05:30,779.3526611328125,826.594482421875,344.38446044921875,841.171142578125
2023-02-22 00:00:00+05:30,764.0637817382812,812.1275634765625,338.4828186035156,830.5076293945312
2023-02-23 00:00:00+05:30,758.8807983398438,812.6113891601562,339.7965087890625,841.4700927734375
2023-02-24 00:00:00+05:30,752.1119995117188,812.5630493164062,337.8359375,848.4961547851562
2023-02-27 00:00:00+05:30,753.981689453125,828.7233276367188,343.53851318359375,851.43603515625
2023-02-28 00:00:00+05:30,757.153076171875,827.2234497070312,344.19537353515625,841.220947265625
2023-03-01 00:00:00+05:30,756.41943359375,828.6265258789062,347.3103942871094,862.1991577148438
2023-03-02 00:00:00+05:30,749.9819946289062,826.40087890625,342.6925964355469,842.56640625
2023-03-03 00:00:00+05:30,764.8685302734375,840.4806518554688,348.52459716796875,849.7418212890625
2023-03-06 00:00:00+05:30,770.2646484375,839.70654296875,348.52459716796875,856.5684814453125
2023-03-08 00:00:00+05:30,771.8029174804688,843.9158325195312,346.3749084472656,858.0134887695312
2023-03-09 00:00:00+05:30,771.8739013671875,828.287841796875,341.6973876953125,864.8401489257812
2023-03-10 00:00:00+05:30,751.9700317382812,815.417724609375,338.23406982421875,848.994384765625
2023-03-13 00:00:00+05:30,742.4559326171875,801.6282958984375,333.1783447265625,829.510986328125
2023-03-14 00:00:00+05:30,740.4678955078125,803.5151977539062,328.0728759765625,830.0093383789062
2023-03-15 00:00:00+05:30,729.8413696289062,799.2090454101562,331.595947265625,821.2393188476562
2023-03-16 00:00:00+05:30,734.5748291015625,797.273681640625,331.11822509765625,827.7171630859375
2023-03-17 00:00:00+05:30,744.3966064453125,809.2245483398438,336.9999694824219,834.5438842773438
2023-03-20 00:00:00+05:30,739.2371826171875,809.4180297851562,338.3037109375,834.6932983398438
2023-03-21 00:00:00+05:30,747.6151733398438,824.8526000976562,339.7367858886719,852.6817626953125
2023-03-22 00:00:00+05:30,745.8876342773438,832.4005737304688,339.3984680175781,846.7520751953125
2023-03-23 00:00:00+05:30,739.8998413085938,827.8040161132812,334.3327941894531,845.9049072265625
2023-03-24 00:00:00+05:30,738.7164306640625,824.8526000976562,336.81085205078125,837.0353393554688
2023-03-27 00:00:00+05:30,741.9351806640625,821.2721557617188,339.40838623046875,830.5076293945312
2023-03-28 00:00:00+05:30,747.9702758789062,827.1266479492188,338.1544189453125,829.6107788085938
2023-03-29 00:00:00+05:30,751.567626953125,823.4978637695312,342.5632019042969,839.72607421875
2023-03-31 00:00:00+05:30,761.8628540039062,848.8995361328125,344.91192626953125,855.5718383789062
2023-04-03 00:00:00+05:30,762.3361206054688,855.2378540039062,347.46966552734375,861.6510009765625
2023-04-05 00:00:00+05:30,782.784423828125,856.0119018554688,348.7037048339844,857.5650024414062
2023-04-06 00:00:00+05:30,788.7484130859375,846.7222290039062,349.7387390136719,849.0442504882812
2023-04-10 00:00:00+05:30,785.0090942382812,840.3839111328125,350.1766052246094,844.4598388671875
2023-04-11 00:00:00+05:30,787.3048095703125,853.3992309570312,367.5331726074219,850.3895874023438
2023-04-12 00:00:00+05:30,797.5288696289062,861.3826293945312,367.0455017089844,848.1472778320312
2023-04-13 00:00:00+05:30,801.1025390625,869.9465942382812,372.11114501953125,861.40185546875
2023-04-17 00:00:00+05:30,788.890380859375,872.1722412109375,377.2166442871094,861.6012573242188
2023-04-18 00:00:00+05:30,785.5532836914062,867.8660888671875,375.8531494140625,860.4053344726562
2023-04-19 00:00:00+05:30,788.4407348632812,863.0761108398438,375.1764831542969,870.4210205078125
2023-04-20 00:00:00+05:30,791.37548828125,865.4953002929688,374.9972839355469,865.7869262695312
2023-04-21 00:00:00+05:30,792.6534423828125,857.028076171875,376.9180908203125,861.25244140625
2023-04-24 00:00:00+05:30,799.067138671875,875.5108032226562,377.6346130371094,879.2906494140625
2023-04-25 00:00:00+05:30,787.7070922851562,883.9296264648438,376.0522155761719,875.3541870117188
2023-04-26 00:00:00+05:30,791.3281860351562,885.3812255859375,373.9224548339844,884.6224975585938
2023-04-27 00:00:00+05:30,795.682861328125,888.6712646484375,379.8937683105469,878.393798828125
2023-04-28 00:00:00+05:30,798.806884765625,887.993896484375,385.75555419921875,857.0667114257812
2023-05-02 00:00:00+05:30,798.6412353515625,892.300048828125,382.39178466796875,867.680419921875
2023-05-03 00:00:00+05:30,801.4339599609375,893.02587890625,384.3423767089844,856.9171752929688
2023-05-04 00:00:00+05:30,817.8351440429688,891.9130859375,387.65643310546875,862.9963989257812
2023-05-05 00:00:00+05:30,769.4835815429688,896.9933471679688,383.89453125,862.3485717773438
2023-05-08 00:00:00+05:30,778.38232421875,907.5895385742188,389.8956604003906,875.4537963867188
2023-05-09 00:00:00+05:30,778.406005859375,904.2025756835938,388.9900207519531,885.2203979492188
2023-05-10 00:00:00+05:30,782.0033569335938,905.7991943359375,389.8658142089844,886.86474609375
2023-05-11 00:00:00+05:30,782.5240478515625,908.847412109375,389.716552734375,892.8941650390625
2023-05-12 00:00:00+05:30,789.4347534179688,913.3955688476562,390.2440185546875,907.5440673828125
2023-05-15 00:00:00+05:30,793.2214965820312,915.1857299804688,392.712158203125,912.6764526367188
2023-05-16 00:00:00+05:30,788.6732788085938,915.766357421875,387.5469665527344,914.6696166992188
2023-05-17 00:00:00+05:30,784.43603515625,908.9926147460938,380.00323486328125,911.6798706054688
2023-05-18 00:00:00+05:30,787.572021484375,915.9114990234375,383.6357727050781,911.5802001953125
2023-05-19 00:00:00+05:30,788.481689453125,923.4594116210938,386.4721374511719,920.8982543945312
2023-05-22 00:00:00+05:30,785.680908203125,919.6370239257812,386.18353271484375,914.4204711914062
2023-05-23 00:00:00+05:30,783.8375854492188,922.5885620117188,382.46142578125,913.0253295898438
2023-05-24 00:00:00+05:30,773.5921020507812,910.2506103515625,380.2420959472656,914.5699462890625
2023-05-25 00:00:00+05:30,770.6236572265625,909.4763793945312,384.143310546875,917.9085083007812
2023-05-26 00:00:00+05:30,773.5921020507812,919.9757690429688,387.1488952636719,923.7883911132812
2023-05-29 00:00:00+05:30,783.023681640625,917.50830078125,388.7710876464844,926.628662109375
2023-05-30 00:00:00+05:30,783.6221923828125,919.2500610351562,393.050537109375,934.2526245117188
2023-05-31 00:00:00+05:30,771.22216796875,918.4758911132812,400.94256591796875,911.7296752929688
2023-06-01 00:00:00+05:30,767.9425048828125,905.8475952148438,384.1632385253906,916.5631713867188
2023-06-02 00:00:00+05:30,769.1395263671875,907.8313598632812,385.8948974609375,922.9412841796875
2023-06-05 00:00:00+05:30,768.1341552734375,916.1535034179688,383.13818359375,947.6068115234375
2023-06-06 00:00:00+05:30,765.740234375,911.6536254882812,389.93548583984375,964.897705078125
2023-06-07 00:00:00+05:30,769.7139892578125,909.815185546875,386.0243225097656,973.4185791015625
2023-06-08 00:00:00+05:30,770.1927490234375,907.5895385742188,375.494873046875,958.8184204101562
2023-06-09 00:00:00+05:30,771.1024780273438,907.7345581054688,372.6087646484375,971.4254150390625
2023-06-12 00:00:00+05:30,766.4105224609375,905.7025146484375,374.0916748046875,970.8773193359375
2023-06-13 00:00:00+05:30,767.7031860351562,913.0568237304688,369.4141540527344,982.487548828125
2023-06-14 00:00:00+05:30,766.8652954101562,909.4280395507812,371.14581298828125,974.3653564453125
2023-06-15 00:00:00+05:30,757.4336547851562,896.6546020507812,364.94561767578125,973.8171997070312
2023-06-16 00:00:00+05:30,767.3441772460938,904.009033203125,369.7027587890625,978.2021484375
2023-06-19 00:00:00+05:30,768.014404296875,893.316162109375,363.1641845703125,962.3564453125
2023-06-20 00:00:00+05:30,769.6182861328125,895.6386108398438,367.0355529785156,971.5250854492188
2023-06-21 00:00:00+05:30,783.0716552734375,894.8159790039062,367.34405517578125,962.7051391601562
2023-06-22 00:00:00+05:30,786.9017333984375,895.8321533203125,365.463134765625,963.3031616210938
2023-06-23 00:00:00+05:30,786.8538208007812,893.6548461914062,363.9603576660156,955.1311645507812
2023-06-26 00:00:00+05:30,783.0476684570312,897.4771728515625,362.845703125,957.2738037109375
2023-06-27 00:00:00+05:30,794.0833129882812,905.8475952148438,367.1748962402344,969.9305419921875
2023-06-28 00:00:00+05:30,802.4856567382812,907.1539916992188,366.3488464355469,974.8635864257812
2023-06-30 00:00:00+05:30,814.574462890625,904.3960571289062,367.5431213378906,984.08203125
2023-07-03 00:00:00+05:30,823.3839111328125,912.0891723632812,367.0256652832031,978.750244140625
2023-07-04 00:00:00+05:30,827.4054565429688,914.169677734375,370.55859375,967.3892211914062
2023-07-05 00:00:00+05:30,801.1211547851562,927.0398559570312,371.1856384277344,963.2034912109375
2023-07-06 00:00:00+05:30,801.9349975585938,928.3946533203125,373.6636657714844,977.604248046875
2023-07-07 00:00:00+05:30,794.9450073242188,915.8147583007812,368.9264831542969,974.3619995117188
2023-07-10 00:00:00+05:30,793.053955078125,917.7501220703125,371.5936584472656,961.7423095703125
2023-07-11 00:00:00+05:30,789.1998291015625,914.41162109375,371.5339660644531,950.9182739257812
2023-07-12 00:00:00+05:30,781.8028564453125,913.8793334960938,373.82293701171875,947.7258911132812
2023-07-13 00:00:00+05:30,785.704833984375,924.814208984375,372.1509704589844,957.8516235351562
2023-07-14 00:00:00+05:30,787.3327026367188,929.0236206054688,372.0116271972656,954.759033203125
2023-07-17 00:00:00+05:30,803.80224609375,937.3941040039062,377.5948181152344,962.5404052734375
2023-07-18 00:00:00+05:30,803.1320190429688,943.9259033203125,376.3607482910156,961.34326171875
2023-07-19 00:00:00+05:30,806.7705688476562,941.9906005859375,379.4956970214844,961.99169921875
2023-07-20 00:00:00+05:30,808.51806640625,963.4247436523438,389.5075378417969,975.5591430664062
2023-07-21 00:00:00+05:30,802.2941284179688,964.7794799804688,392.1548156738281,968.974853515625
2023-07-24 00:00:00+05:30,803.5628051757812,959.9410400390625,377.6346130371094,969.1744384765625
2023-07-25 00:00:00+05:30,812.2764282226562,962.5538330078125,373.3054504394531,960.1959228515625
2023-07-26 00:00:00+05:30,809.45166015625,964.2472534179688,377.2464904785156,974.4617309570312
2023-07-27 00:00:00+05:30,801.0493774414062,958.24755859375,372.9571228027344,957.6022338867188
2023-07-28 00:00:00+05:30,786.8538208007812,964.00537109375,373.5741271972656,947.676025390625
2023-07-31 00:00:00+05:30,790.5403442382812,966.0375366210938,369.5335388183594,951.6166381835938
2023-08-01 00:00:00+05:30,795.8307495117188,962.4085693359375,368.22979736328125,957.6022338867188
2023-08-02 00:00:00+05:30,785.4176025390625,955.0543212890625,362.9949951171875,942.9873046875
2023-08-03 00:00:00+05:30,779.7442016601562,933.8136596679688,362.9053955078125,933.3104858398438
2023-08-04 00:00:00+05:30,791.0191040039062,939.1359252929688,366.2421569824219,949.9705200195312
2023-08-07 00:00:00+05:30,790.5643310546875,944.1194458007812,364.857666015625,945.1322021484375
2023-08-08 00:00:00+05:30,789.9180297851562,948.2321166992188,364.15045166015625,950.6190185546875
2023-08-09 00:00:00+05:30,790.2052612304688,949.0126953125,364.8476867675781,947.7258911132812
2023-08-10 00:00:00+05:30,783.1912841796875,940.6220703125,358.7420349121094,937.50048828125
2023-08-11 00:00:00+05:30,775.0283203125,929.6460571289062,356.8694763183594,934.95654296875
2023-08-14 00:00:00+05:30,771.24609375,936.182861328125,357.3973693847656,937.699951171875
2023-08-16 00:00:00+05:30,768.9957885742188,933.2071533203125,355.8236083984375,930.81640625
2023-08-17 00:00:00+05:30,764.73486328125,928.4752807617188,351.7398681640625,934.3080444335938
2023-08-18 00:00:00+05:30,761.5989379882812,927.4996337890625,348.7716979980469,940.7925415039062
2023-08-21 00:00:00+05:30,761.0004272460938,931.9387817382812,350.67413330078125,950.3196411132812
2023-08-22 00:00:00+05:30,757.7448120117188,928.8167724609375,351.2219543457031,954.759033203125
2023-08-23 00:00:00+05:30,759.6119995117188,943.3051147460938,354.5984802246094,976.9058837890625
2023-08-24 00:00:00+05:30,756.1170654296875,945.3539428710938,354.7778015136719,979.0008544921875
2023-08-25 00:00:00+05:30,747.594970703125,946.7686157226562,354.35943603515625,980.7466430664062
2023-08-28 00:00:00+05:30,755.3749389648438,946.9149780273438,356.65032958984375,987.8297119140625
2023-08-29 00:00:00+05:30,761.383544921875,944.1832275390625,355.2060546875,978.3524780273438
2023-08-30 00:00:00+05:30,755.8297119140625,935.5487060546875,353.5726013183594,980.9960327148438
2023-08-31 00:00:00+05:30,752.358642578125,935.4024047851562,350.35540771484375,971.1697387695312
2023-09-01 00:00:00+05:30,753.9146728515625,945.1100463867188,352.8155822753906,988.7774658203125
2023-09-04 00:00:00+05:30,758.630615234375,943.7929077148438,351.04266357421875,979.898681640625
2023-09-05 00:00:00+05:30,754.010498046875,944.8173828125,352.8056335449219,979.1005859375
2023-09-06 00:00:00+05:30,763.873046875,934.182861328125,352.6562194824219,962.7398681640625
2023-09-07 00:00:00+05:30,771.22216796875,942.1343383789062,356.38140869140625,975.8583984375
2023-09-08 00:00:00+05:30,777.2306518554688,946.9149780273438,357.21807861328125,977.953369140625
2023-09-11 00:00:00+05:30,781.2523193359375,954.4274291992188,360.1463928222656,998.0052490234375
2023-09-12 00:00:00+05:30,783.6939697265625,966.379150390625,360.8038024902344,998.5040893554688
2023-09-13 00:00:00+05:30,787.04541015625,965.6961669921875,363.4731750488281,1012.0216674804688
2023-09-14 00:00:00+05:30,786.5665893554688,963.6473999023438,362.8655700683594,1018.4561767578125
2023-09-15 00:00:00+05:30,795.5914306640625,968.2816772460938,361.3416748046875,1024.6912841796875
2023-09-18 00:00:00+05:30,779.9356689453125,966.0864868164062,358.2440185546875,1022.2970581054688
2023-09-20 00:00:00+05:30,748.6482543945312,963.1107788085938,356.4710693359375,1024.8409423828125
2023-09-21 00:00:00+05:30,743.6929931640625,935.93896484375,349.7478332519531,1012.0216674804688
2023-09-22 00:00:00+05:30,732.3462524414062,927.1580810546875,349.897216796875,1015.8125
2023-09-25 00:00:00+05:30,732.9925537109375,933.060791015625,355.4650573730469,1016.5109252929688
2023-09-26 00:00:00+05:30,736.1763916015625,925.59716796875,351.421142578125,1011.7223510742188
2023-09-27 00:00:00+05:30,731.0056762695312,920.1334228515625,351.63031005859375,1022.7459106445312
2023-09-28 00:00:00+05:30,729.49755859375,919.6456298828125,345.2656555175781,1028.432373046875
2023-09-29 00:00:00+05:30,730.7423706054688,928.7191772460938,345.763671875,1034.21826171875
2023-10-03 00:00:00+05:30,722.0048828125,917.4016723632812,344.0404968261719,1038.55810546875
2023-10-04 00:00:00+05:30,732.2984008789062,907.4012451171875,343.04449462890625,993.1668701171875
2023-10-05 00:00:00+05:30,735.2667846679688,917.938232421875,345.4748229980469,1000.8484497070312
2023-10-06 00:00:00+05:30,734.452880859375,922.182373046875,347.39715576171875,998.553955078125
2023-10-09 00:00:00+05:30,725.9307861328125,915.7431030273438,342.4966735839844,993.8651733398438
2023-10-10 00:00:00+05:30,730.0481567382812,928.0362548828125,349.8275146484375,1009.8268432617188
2023-10-11 00:00:00+05:30,737.1099243164062,929.8899536132812,352.8753356933594,1016.6605224609375
2023-10-12 00:00:00+05:30,742.017333984375,931.011962890625,351.3713073730469,1016.0120849609375
2023-10-13 00:00:00+05:30,735.2667846679688,928.1337280273438,351.0028076171875,991.6704711914062
2023-10-16 00:00:00+05:30,732.3223266601562,928.2313842773438,348.5625305175781,1002.3947143554688
2023-10-17 00:00:00+05:30,737.8759765625,930.6704711914062,352.90521240234375,1005.6369018554688
2023-10-18 00:00:00+05:30,727.6064453125,920.7677001953125,349.28961181640625,990.4733276367188
2023-10-19 00:00:00+05:30,725.3084106445312,912.9624633789062,346.3114929199219,989.02685546875
2023-10-20 00:00:00+05:30,729.066650390625,910.0355834960938,352.51678466796875,978.0032348632812
2023-10-23 00:00:00+05:30,721.04736328125,907.3037109375,346.7696533203125,961.99169921875
2023-10-25 00:00:00+05:30,716.4751586914062,893.7909545898438,344.2397155761719,953.162841796875
2023-10-26 00:00:00+05:30,700.6279296875,886.5224609375,337.6260681152344,969.72314453125
2023-10-27 00:00:00+05:30,703.380859375,890.5225830078125,339.1898193359375,1000.349609375
2023-10-30 00:00:00+05:30,711.0171508789062,902.376708984375,342.1380920410156,986.8320922851562
2023-10-31 00:00:00+05:30,706.8997192382812,893.0592041015625,346.500732421875,979.4996337890625
2023-11-01 00:00:00+05:30,705.9421997070312,891.7908935546875,343.5126037597656,969.4736938476562
2023-11-02 00:00:00+05:30,707.0194702148438,897.5472412109375,346.1620788574219,980.5969848632812
2023-11-03 00:00:00+05:30,710.370849609375,911.0599365234375,345.275634765625,986.48291015625
2023-11-06 00:00:00+05:30,715.517578125,922.42626953125,346.66009521484375,1006.9837036132812
2023-11-07 00:00:00+05:30,712.0464477539062,925.0116577148438,348.861328125,1018.4561767578125
2023-11-08 00:00:00+05:30,714.105224609375,912.9624633789062,347.8653259277344,1019.2542724609375
2023-11-09 00:00:00+05:30,711.280517578125,914.5234985351562,347.6063232421875,1019.4537963867188
2023-11-10 00:00:00+05:30,714.0812377929688,915.7431030273438,347.7059326171875,1026.736328125
2023-11-13 00:00:00+05:30,712.78857421875,911.6941528320312,348.2537841796875,1022.8955688476562
2023-11-15 00:00:00+05:30,720.2574462890625,918.18212890625,352.49688720703125,1038.8572998046875
2023-11-16 00:00:00+05:30,722.1484375,913.2063598632812,353.16424560546875,1023.8931884765625
2023-11-17 00:00:00+05:30,720.592529296875,899.4009399414062,351.5207824707031,991.9697265625
2023-11-20 00:00:00+05:30,720.640380859375,899.0107421875,352.7060241699219,986.3333129882812
2023-11-21 00:00:00+05:30,726.7445678710938,903.5474853515625,352.0386657714844,989.4258422851562
2023-11-22 00:00:00+05:30,724.1593017578125,900.279052734375,347.74578857421875,995.710693359375
2023-11-23 00:00:00+05:30,728.3486328125,900.52294921875,346.4808044433594,996.6585083007812
2023-11-24 00:00:00+05:30,733.5192260742188,906.7671508789062,347.4170837402344,1006.0858764648438
2023-11-28 00:00:00+05:30,731.8674926757812,902.9620361328125,347.0684814453125,1018.7056274414062
2023-11-29 00:00:00+05:30,746.4699096679688,916.7186889648438,349.29962158203125,1057.6121826171875
2023-11-30 00:00:00+05:30,746.3023681640625,912.1820068359375,349.697998046875,1071.6783447265625
2023-12-01 00:00:00+05:30,744.674560546875,923.6458129882812,348.7119445800781,1102.0057373046875
2023-12-04 00:00:00+05:30,770.5278930664062,967.0621337890625,362.2679748535156,1122.905517578125
2023-12-05 00:00:00+05:30,777.374267578125,988.7703247070312,364.2401123046875,1129.739013671875
2023-12-06 00:00:00+05:30,779.3372802734375,978.8186645507812,362.835693359375,1117.8177490234375
2023-12-07 00:00:00+05:30,780.6058959960938,974.6721801757812,363.9213562011719,1115.174072265625
2023-12-08 00:00:00+05:30,791.4979248046875,986.2335815429688,366.2322082519531,1128.4920654296875
2023-12-11 00:00:00+05:30,790.444580078125,992.3314208984375,367.3477478027344,1113.827392578125
2023-12-12 00:00:00+05:30,782.5928344726562,990.9655151367188,363.4233703613281,1128.292724609375
2023-12-13 00:00:00+05:30,780.8213500976562,989.2093505859375,363.7919006347656,1112.18115234375
2023-12-14 00:00:00+05:30,790.0376586914062,1008.4783935546875,369.29998779296875,1117.767822265625
2023-12-15 00:00:00+05:30,793.101806640625,1012.1370849609375,368.6525573730469,1117.6680908203125
2023-12-18 00:00:00+05:30,792.69482421875,996.5755004882812,367.92547607421875,1108.6895751953125
2023-12-19 00:00:00+05:30,791.3543090820312,990.7216186523438,367.84576416015625,1117.568359375
2023-12-20 00:00:00+05:30,793.3171997070312,982.1359252929688,363.8516540527344,1107.59228515625
2023-12-21 00:00:00+05:30,807.5365600585938,979.9407348632812,369.0709228515625,1092.7779541015625
2023-12-22 00:00:00+05:30,799.9481201171875,970.086669921875,370.6247253417969,1085.6949462890625
2023-12-26 00:00:00+05:30,805.5018920898438,970.8671264648438,375.87384033203125,1091.630615234375
2023-12-27 00:00:00+05:30,815.4841918945312,977.8430786132812,378.9615478515625,1103.70166015625
2023-12-28 00:00:00+05:30,816.417724609375,981.4041748046875,382.7464294433594,1105.197998046875
2023-12-29 00:00:00+05:30,818.3328247070312,972.33056640625,380.1069641113281,1099.6612548828125
2024-01-01 00:00:00+05:30,812.9945068359375,975.0625,380.3161315917969,1095.0721435546875
2024-01-02 00:00:00+05:30,813.4733276367188,958.3301391601562,371.5310974121094,1090.633056640625
2024-01-03 00:00:00+05:30,800.9296264648438,960.0862426757812,371.7004089355469,1095.97021484375
2024-01-04 00:00:00+05:30,809.5234985351562,963.1107788085938,371.2422790527344,1120.7109375
2024-01-05 00:00:00+05:30,805.3821411132812,969.501220703125,368.0549011230469,1134.2283935546875
2024-01-08 00:00:00+05:30,796.4052124023438,958.086181640625,363.7720031738281,1119.3140869140625
2024-01-09 00:00:00+05:30,790.2052612304688,955.8909912109375,363.8815612792969,1113.8773193359375
2024-01-10 00:00:00+05:30,792.814453125,968.8671264648438,362.7162170410156,1104.35009765625
2024-01-11 00:00:00+05:30,789.4871215820312,967.0133666992188,363.12457275390625,1123.05517578125
2024-01-12 00:00:00+05:30,785.752685546875,979.0625610351562,365.1962890625,1117.6680908203125
2024-01-15 00:00:00+05:30,800.8817749023438,985.2579345703125,368.8318176269531,1116.8201904296875
2024-01-16 00:00:00+05:30,803.9219360351562,984.4774780273438,368.1346435546875,1116.421142578125
2024-01-17 00:00:00+05:30,736.1045532226562,957.84228515625,354.518798828125,1079.7093505859375
2024-01-18 00:00:00+05:30,711.5198974609375,962.3302001953125,354.04071044921875,1094.8729248046875
2024-01-19 00:00:00+05:30,704.0989379882812,974.8673095703125,351.4609680175781,1113.8773193359375
2024-01-23 00:00:00+05:30,683.3683471679688,1003.990478515625,355.4849548339844,1086.6427001953125
2024-01-24 00:00:00+05:30,697.037109375,974.8673095703125,356.3017272949219,1056.6146240234375
2024-01-25 00:00:00+05:30,686.9830322265625,985.3555908203125,352.2777404785156,1039.7550048828125
2024-01-29 00:00:00+05:30,696.438720703125,991.6484375,363.134521484375,1058.70947265625
2024-01-30 00:00:00+05:30,691.4834594726562,992.1362915039062,363.27398681640625,1051.57666015625
2024-01-31 00:00:00+05:30,700.2210083007812,1003.1123046875,363.6026611328125,1065.1939697265625
2024-02-01 00:00:00+05:30,702.0402221679688,1000.1854248046875,363.1046447753906,1081.654541015625
2024-02-02 00:00:00+05:30,692.3692016601562,999.0633544921875,363.1444396972656,1064.495849609375
2024-02-05 00:00:00+05:30,691.7467651367188,998.5755615234375,360.2360534667969,1058.9591064453125
2024-02-06 00:00:00+05:30,691.3876953125,1001.4049682617188,355.98297119140625,1047.5364990234375
2024-02-07 00:00:00+05:30,684.6130981445312,997.2584228515625,357.0985412597656,1066.5408935546875
2024-02-08 00:00:00+05:30,671.7343139648438,965.2083740234375,344.56842041015625,1033.4202880859375
2024-02-09 00:00:00+05:30,671.9976196289062,986.0873413085938,347.1083068847656,1048.8831787109375
2024-02-12 00:00:00+05:30,665.4863891601562,971.8427734375,340.5544128417969,1044.1943359375
2024-02-13 00:00:00+05:30,667.6168823242188,994.9656372070312,346.0525207519531,1068.186767578125
2024-02-14 00:00:00+05:30,662.6377563476562,997.7950439453125,348.40313720703125,1094.224365234375
2024-02-15 00:00:00+05:30,677.0007934570312,991.8923950195312,346.4708557128906,1069.63330078125
2024-02-16 00:00:00+05:30,679.8015747070312,998.3316650390625,345.67401123046875,1066.191650390625
2024-02-19 00:00:00+05:30,678.4609985351562,1018.33251953125,344.90704345703125,1060.4056396484375
2024-02-20 00:00:00+05:30,696.271240234375,1023.210693359375,351.1023864746094,1085.994140625
2024-02-21 00:00:00+05:30,689.017822265625,1026.3326416015625,347.83544921875,1081.604736328125
2024-02-22 00:00:00+05:30,679.634033203125,1036.8209228515625,343.5823669433594,1098.2646484375
2024-02-23 00:00:00+05:30,680.1366577148438,1035.455078125,343.43292236328125,1094.174560546875
2024-02-26 00:00:00+05:30,680.9505615234375,1028.5279541015625,339.906982421875,1082.6021728515625
2024-02-27 00:00:00+05:30,679.9212646484375,1034.3818359375,339.9966125488281,1076.467041015625
2024-02-28 00:00:00+05:30,674.7745361328125,1020.72265625,335.3849792480469,1071.628662109375
2024-02-29 00:00:00+05:30,671.90185546875,1026.5765380859375,336.55035400390625,1072.5264892578125
2024-03-01 00:00:00+05:30,684.9961547851562,1060.431640625,344.1700134277344,1096.6187744140625
2024-03-04 00:00:00+05:30,685.9297485351562,1065.7489013671875,344.0704040527344,1104.1005859375
2024-03-05 00:00:00+05:30,689.8316650390625,1061.5537109375,341.7795715332031,1098.1650390625
2024-03-06 00:00:00+05:30,690.6695556640625,1070.3831787109375,350.55462646484375,1122.306884765625
2024-03-07 00:00:00+05:30,692.3452758789062,1061.4560546875,348.223876953125,1108.7894287109375
2024-03-11 00:00:00+05:30,683.5838012695312,1052.4312744140625,344.5584716796875,1102.4547119140625
2024-03-12 00:00:00+05:30,698.78466796875,1050.626220703125,342.7058410644531,1094.3740234375
2024-03-13 00:00:00+05:30,699.1915893554688,1057.553466796875,344.53851318359375,1077.8138427734375
2024-03-14 00:00:00+05:30,696.8216552734375,1057.2120361328125,347.0983581542969,1055.7166748046875
2024-03-15 00:00:00+05:30,695.481201171875,1054.0411376953125,346.2816467285156,1043.8951416015625
2024-03-18 00:00:00+05:30,692.3212890625,1054.8704833984375,346.2019348144531,1058.8094482421875
2024-03-19 00:00:00+05:30,693.9011840820312,1057.553466796875,348.5425720214844,1048.28466796875
2024-03-20 00:00:00+05:30,685.1398315429688,1058.090087890625,351.68011474609375,1032.2730712890625
2024-03-21 00:00:00+05:30,692.1776123046875,1055.4559326171875,353.0247802734375,1033.1209716796875
2024-03-22 00:00:00+05:30,690.7891845703125,1063.7489013671875,353.87139892578125,1030.8265380859375
2024-03-26 00:00:00+05:30,682.434814453125,1057.3095703125,349.3493957519531,1038.0592041015625
2024-03-27 00:00:00+05:30,689.7598876953125,1057.3583984375,353.7120361328125,1050.32958984375
2024-03-28 00:00:00+05:30,693.2069702148438,1066.67578125,355.6841735839844,1044.6932373046875
2024-04-01 00:00:00+05:30,704.027099609375,1072.8712158203125,356.7200622558594,1050.5791015625
2024-04-02 00:00:00+05:30,708.6472778320312,1054.8704833984375,350.08648681640625,1044.6932373046875
2024-04-03 00:00:00+05:30,709.6766357421875,1050.9676513671875,344.8572692871094,1060.704833984375
2024-04-04 00:00:00+05:30,731.3648071289062,1052.57763671875,348.4429931640625,1060.4056396484375
2024-04-05 00:00:00+05:30,741.8737182617188,1057.0169677734375,355.6144714355469,1056.564697265625
2024-04-08 00:00:00+05:30,740.4613647460938,1060.675537109375,356.2618408203125,1073.4742431640625
2024-04-09 00:00:00+05:30,741.3949584960938,1080.0909423828125,354.7080383300781,1077.4146728515625
2024-04-10 00:00:00+05:30,735.5540161132812,1082.3837890625,363.74212646484375,1085.1961669921875
2024-04-12 00:00:00+05:30,727.2234497070312,1077.5054931640625,361.17230224609375,1070.8802490234375
2024-04-15 00:00:00+05:30,715.61328125,1052.0897216796875,358.2041320800781,1055.41748046875
2024-04-16 00:00:00+05:30,722.5794067382812,1041.0650634765625,357.0985412597656,1049.3819580078125
2024-04-18 00:00:00+05:30,715.61328125,1029.74755859375,355.9331970214844,1021.5487670898438
2024-04-19 00:00:00+05:30,733.13623046875,1041.26025390625,357.1084899902344,1026.636474609375
2024-04-22 00:00:00+05:30,723.99169921875,1060.187744140625,360.5547790527344,1051.4268798828125
2024-04-23 00:00:00+05:30,721.7894287109375,1063.7000732421875,361.17230224609375,1053.2227783203125
2024-04-24 00:00:00+05:30,723.7523193359375,1070.041748046875,367.0987548828125,1060.704833984375
2024-04-25 00:00:00+05:30,723.2975463867188,1086.627685546875,327.1875915527344,1124.30224609375
2024-04-26 00:00:00+05:30,722.8427124023438,1080.9202880859375,320.4245300292969,1127.5943603515625
2024-04-29 00:00:00+05:30,732.2744140625,1131.8978271484375,326.7792053222656,1156.47509765625
2024-04-30 00:00:00+05:30,727.77392578125,1122.3853759765625,323.5022888183594,1163.109130859375
2024-05-02 00:00:00+05:30,733.5910034179688,1111.701904296875,313.880615234375,1147.0975341796875
2024-05-03 00:00:00+05:30,727.5346069335938,1114.2386474609375,308.113525390625,1138.7674560546875
2024-05-06 00:00:00+05:30,728.994873046875,1118.3851318359375,323.572021484375,1140.912353515625
2024-05-07 00:00:00+05:30,721.09521484375,1104.3358154296875,327.4764709472656,1125.00048828125
2024-05-08 00:00:00+05:30,709.8441772460938,1095.652587890625,328.3629455566406,1125.9482421875
2024-05-09 00:00:00+05:30,693.0155029296875,1088.5302734375,327.3171081542969,1112.9793701171875
2024-05-10 00:00:00+05:30,697.8200073242188,1089.847412109375,324.2991027832031,1117.418701171875
2024-05-13 00:00:00+05:30,706.2400512695312,1100.53076171875,326.9385681152344,1129.290283203125
2024-05-14 00:00:00+05:30,709.0062866210938,1093.26220703125,327.95458984375,1120.1622314453125
2024-05-15 00:00:00+05:30,698.1112060546875,1096.9696044921875,328.85101318359375,1125.3497314453125
2024-05-16 00:00:00+05:30,708.6665649414062,1103.506591796875,333.0841369628906,1136.57275390625
2024-05-17 00:00:00+05:30,710.5349731445312,1102.9698486328125,337.9647216796875,1138.6177978515625
2024-05-21 00:00:00+05:30,707.962890625,1093.65234375,338.3033447265625,1134.9267578125
2024-05-22 00:00:00+05:30,708.156982421875,1084.0423583984375,338.5623474121094,1123.3045654296875
2024-05-23 00:00:00+05:30,724.3661499023438,1106.8724365234375,340.454833984375,1162.460693359375
2024-05-24 00:00:00+05:30,736.3046875,1104.384521484375,339.3392639160156,1171.1898193359375
2024-05-27 00:00:00+05:30,741.400390625,1102.2869873046875,340.8432922363281,1184.15869140625
2024-05-28 00:00:00+05:30,742.75927734375,1099.5062255859375,339.3790588378906,1180.567138671875
2024-05-29 00:00:00+05:30,731.9854736328125,1075.1639404296875,336.23162841796875,1156.9737548828125
2024-05-30 00:00:00+05:30,735.1642456054688,1086.5789794921875,336.6798095703125,1165.1541748046875
2024-05-31 00:00:00+05:30,743.2688598632812,1093.75,334.74749755859375,1159.3681640625
2024-06-03 00:00:00+05:30,762.9964599609375,1131.75146484375,342.2476501464844,1220.9703369140625
2024-06-04 00:00:00+05:30,719.7800903320312,1045.3577880859375,326.29119873046875,1128.5421142578125
2024-06-05 00:00:00+05:30,753.0963134765625,1081.6519775390625,342.25762939453125,1181.6644287109375
2024-06-06 00:00:00+05:30,756.9301147460938,1083.359375,345.5644836425781,1168.14697265625
2024-06-07 00:00:00+05:30,763.5545043945312,1094.384033203125,349.3493957519531,1183.9591064453125
2024-06-10 00:00:00+05:30,757.7067260742188,1096.4329833984375,347.74578857421875,1197.1275634765625
2024-06-11 00:00:00+05:30,759.4052124023438,1090.9693603515625,342.6361083984375,1191.740478515625
2024-06-12 00:00:00+05:30,763.9428100585938,1092.2864990234375,341.7894592285156,1185.0565185546875
2024-06-13 00:00:00+05:30,767.1458129882812,1080.383544921875,343.9010314941406,1171.838134765625
2024-06-14 00:00:00+05:30,774.9835205078125,1078.72509765625,342.0783386230469,1178.2227783203125
2024-06-18 00:00:00+05:30,780.2733764648438,1095.506103515625,342.5166015625,1189.0469970703125
2024-06-19 00:00:00+05:30,804.5628051757812,1116.580078125,347.9549255371094,1223.713623046875
2024-06-20 00:00:00+05:30,810.1438598632812,1128.62939453125,351.84942626953125,1236.532958984375
2024-06-21 00:00:00+05:30,808.3967895507812,1130.434326171875,353.72198486328125,1234.48779296875
2024-06-24 00:00:00+05:30,811.6240234375,1141.60546875,353.1044616699219,1225.16015625
2024-06-25 00:00:00+05:30,830.5266723632812,1168.7772216796875,354.967041015625,1268.4063720703125
2024-06-26 00:00:00+05:30,825.7464599609375,1188.339111328125,358.2041320800781,1282.322998046875
2024-06-27 00:00:00+05:30,823.1500244140625,1190.1927490234375,364.658447265625,1285.864501953125
2024-06-28 00:00:00+05:30,817.1565551757812,1170.3870849609375,359.0706787109375,1262.22119140625
2024-07-01 00:00:00+05:30,827.5419921875,1182.3388671875,360.1862487792969,1258.87939453125
2024-07-02 00:00:00+05:30,839.8687744140625,1161.6063232421875,352.51678466796875,1250.399658203125
2024-07-03 00:00:00+05:30,858.3346557617188,1172.33837890625,360.7042236328125,1276.93603515625
2024-07-04 00:00:00+05:30,838.1945190429688,1202.9737548828125,365.3157958984375,1277.8338623046875
2024-07-05 00:00:00+05:30,799.8310546875,1203.3641357421875,369.0709228515625,1283.9691162109375
2024-07-08 00:00:00+05:30,793.6434326171875,1204.973876953125,369.1705017089844,1284.76708984375
2024-07-09 00:00:00+05:30,794.2015991210938,1217.8524169921875,368.1047668457031,1286.3133544921875
2024-07-10 00:00:00+05:30,789.1544799804688,1212.92529296875,364.51904296875,1288.55810546875
2024-07-11 00:00:00+05:30,787.1161499023438,1208.291015625,367.4373779296875,1293.6458740234375
2024-07-12 00:00:00+05:30,787.50439453125,1202.876220703125,365.11663818359375,1315.160888671875
2024-07-15 00:00:00+05:30,787.2131958007812,1199.9979248046875,367.2481384277344,1305.3267822265625
2024-07-16 00:00:00+05:30,786.0726928710938,1209.705810546875,359.62847900390625,1301.8824462890625
2024-07-18 00:00:00+05:30,783.6705322265625,1219.8525390625,363.9014892578125,1307.2738037109375
2024-07-19 00:00:00+05:30,780.0307006835938,1218.24267578125,363.2732849121094,1290.2513427734375
2024-07-22 00:00:00+05:30,797.1376953125,1210.9254150390625,350.5000915527344,1280.41748046875
2024-07-23 00:00:00+05:30,785.4176025390625,1196.8759765625,352.7635498046875,1261.1986083984375
2024-07-24 00:00:00+05:30,778.4534912109375,1193.21728515625,348.2366027832031,1237.237548828125
2024-07-25 00:00:00+05:30,784.5440063476562,1168.728515625,354.0099792480469,1173.990478515625
2024-07-26 00:00:00+05:30,785.2962646484375,1177.802001953125,361.72772216796875,1175.4381103515625
2024-07-29 00:00:00+05:30,778.938720703125,1183.1680908203125,357.7491760253906,1168.1500244140625
2024-07-30 00:00:00+05:30,784.0344848632812,1179.997314453125,356.19366455078125,1168.10009765625
2024-07-31 00:00:00+05:30,784.1314697265625,1185.3145751953125,360.5411376953125,1164.2064208984375
2024-08-01 00:00:00+05:30,795.3178100585938,1180.63134765625,357.4999084472656,1170.396484375
2024-08-02 00:00:00+05:30,805.1937255859375,1167.411376953125,359.6536865234375,1158.9649658203125
2024-08-05 00:00:00+05:30,784.1314697265625,1144.0445556640625,353.7108459472656,1131.6593017578125
2024-08-06 00:00:00+05:30,777.0702514648438,1138.4346923828125,353.09259033203125,1124.2713623046875
2024-08-07 00:00:00+05:30,787.8926391601562,1143.898193359375,354.2891540527344,1134.9541015625
2024-08-08 00:00:00+05:30,797.21044921875,1136.239501953125,353.5313415527344,1136.3018798828125
2024-08-09 00:00:00+05:30,800.8502197265625,1143.0689697265625,352.9131164550781,1140.894287109375
2024-08-12 00:00:00+05:30,805.65478515625,1154.09033203125,353.491455078125,1162.409423828125
2024-08-13 00:00:00+05:30,778.0409545898438,1149.7113037109375,349.40325927734375,1157.7169189453125
2024-08-14 00:00:00+05:30,780.2733764648438,1143.1181640625,348.57562255859375,1151.2275390625
2024-08-16 00:00:00+05:30,792.0662231445312,1168.3096923828125,354.438720703125,1164.9552001953125
2024-08-19 00:00:00+05:30,791.7993774414062,1157.140869140625,355.24639892578125,1151.3773193359375
2024-08-20 00:00:00+05:30,794.783935546875,1160.6341552734375,360.0924377441406,1166.1033935546875
2024-08-21 00:00:00+05:30,789.0088500976562,1156.1075439453125,361.5482482910156,1172.492919921875
2024-08-22 00:00:00+05:30,791.6781005859375,1172.098388671875,363.2532958984375,1168.050048828125
2024-08-23 00:00:00+05:30,788.6448974609375,1184.300537109375,362.55535888671875,1164.056640625
2024-08-26 00:00:00+05:30,795.8758544921875,1193.9442138671875,361.45849609375,1168.399658203125
2024-08-27 00:00:00+05:30,794.8082275390625,1206.7860107421875,359.6337585449219,1179.331787109375
2024-08-28 00:00:00+05:30,794.4927368164062,1204.325927734375,357.2306823730469,1169.0484619140625
2024-08-29 00:00:00+05:30,795.1964721679688,1202.4071044921875,354.42877197265625,1173.4913330078125
2024-08-30 00:00:00+05:30,794.395751953125,1209.5904541015625,355.13671875,1173.341552734375
2024-09-02 00:00:00+05:30,789.56689453125,1210.3284912109375,355.0270080566406,1186.86962890625
2024-09-03 00:00:00+05:30,794.6140747070312,1227.79541015625,355.7349853515625,1189.6650390625
2024-09-04 00:00:00+05:30,796.7737426757812,1216.62646484375,355.7349853515625,1175.78759765625
2024-09-05 00:00:00+05:30,798.5451049804688,1216.23291015625,354.5683288574219,1178.633056640625
2024-09-06 00:00:00+05:30,794.419921875,1188.8763427734375,351.8162536621094,1156.8682861328125
2024-09-09 00:00:00+05:30,799.0546875,1215.2979736328125,357.0013427734375,1168.94873046875
2024-09-10 00:00:00+05:30,800.9230346679688,1217.5614013671875,357.29052734375,1185.2720947265625
2024-09-11 00:00:00+05:30,797.7928466796875,1216.62646484375,356.8218688964844,1184.1739501953125
2024-09-12 00:00:00+05:30,808.8092651367188,1232.174560546875,364.4399108886719,1201.3958740234375
2024-09-13 00:00:00+05:30,808.4937744140625,1230.403076171875,363.02398681640625,1215.4730224609375
2024-09-16 00:00:00+05:30,810.9203491210938,1242.7037353515625,365.2077331542969,1229.051025390625
2024-09-17 00:00:00+05:30,809.876953125,1247.8699951171875,368.26885986328125,1230.09912109375
2024-09-18 00:00:00+05:30,822.494873046875,1267.796875,366.88287353515625,1238.4356689453125
2024-09-19 00:00:00+05:30,829.1435546875,1271.388671875,373.3143310546875,1240.6820068359375
2024-09-20 00:00:00+05:30,845.0130004882812,1317.09765625,379.8056335449219,1242.978271484375
2024-09-23 00:00:00+05:30,854.0396728515625,1300.8116455078125,385.8282775878906,1244.775390625
2024-09-24 00:00:00+05:30,858.0435180664062,1297.5643310546875,381.83978271484375,1237.537109375
2024-09-25 00:00:00+05:30,863.4060668945312,1302.7305908203125,378.4993896484375,1266.0406494140625
2024-09-26 00:00:00+05:30,865.5171508789062,1307.84765625,379.3669128417969,1275.0262451171875
2024-09-27 00:00:00+05:30,850.5697021484375,1285.7557373046875,373.4140319824219,1271.08251953125
2024-09-30 00:00:00+05:30,840.572509765625,1252.69189453125,369.7247009277344,1230.1990966796875
2024-10-01 00:00:00+05:30,837.7334594726562,1254.069580078125,374.800048828125,1224.6580810546875
2024-10-03 00:00:00+05:30,816.282958984375,1236.307373046875,363.5126037597656,1173.790771484375
2024-10-04 00:00:00+05:30,804.4657592773438,1219.97216796875,360.760498046875,1176.4864501953125
2024-10-07 00:00:00+05:30,785.1264038085938,1214.215576171875,357.0212707519531,1143.8394775390625
2024-10-08 00:00:00+05:30,801.2628173828125,1216.8724365234375,359.64373779296875,1151.42724609375
2024-10-09 00:00:00+05:30,792.5758056640625,1224.302001953125,359.1252136230469,1168.2498779296875
2024-10-10 00:00:00+05:30,806.7709350585938,1223.6624755859375,374.1419677734375,1182.326904296875
2024-10-11 00:00:00+05:30,801.238525390625,1203.489501953125,375.3983459472656,1170.546142578125
2024-10-14 00:00:00+05:30,819.2433471679688,1212.099853515625,381.0620422363281,1162.459228515625
2024-10-15 00:00:00+05:30,817.3021240234375,1235.470947265625,377.95098876953125,1151.976318359375
2024-10-16 00:00:00+05:30,824.92138671875,1223.3179931640625,374.1918029785156,1151.3272705078125
2024-10-17 00:00:00+05:30,811.988037109375,1211.60791015625,371.7388916015625,1130.0120849609375
2024-10-18 00:00:00+05:30,816.2101440429688,1244.327392578125,373.1348571777344,1194.906494140625
2024-10-21 00:00:00+05:30,838.9466552734375,1238.9644775390625,356.8118896484375,1188.3671875
2024-10-22 00:00:00+05:30,832.07958984375,1247.279541015625,351.6168518066406,1173.8406982421875
2024-10-23 00:00:00+05:30,842.3923950195312,1231.6331787109375,352.544189453125,1158.5157470703125
2024-10-24 00:00:00+05:30,849.1138916015625,1232.764892578125,351.4273986816406,1165.454345703125
2024-10-25 00:00:00+05:30,846.0807495117188,1235.4217529296875,352.7535705566406,1187.4185791015625
2024-10-28 00:00:00+05:30,841.6158447265625,1272.2252197265625,348.9645080566406,1169.697509765625
2024-10-29 00:00:00+05:30,850.1815185546875,1310.6029052734375,351.028564453125,1184.9227294921875
2024-10-30 00:00:00+05:30,841.8099975585938,1291.21728515625,345.92327880859375,1168.49951171875
2024-10-31 00:00:00+05:30,842.3438110351562,1271.6346435546875,345.2252502441406,1157.6671142578125
2024-11-01 00:00:00+05:30,843.120361328125,1271.19189453125,347.87762451171875,1167.65087890625
2024-11-04 00:00:00+05:30,831.8612060546875,1256.82470703125,344.87628173828125,1137.4000244140625
2024-11-05 00:00:00+05:30,853.0933227539062,1276.013671875,350.4202880859375,1169.7972412109375
2024-11-06 00:00:00+05:30,851.83154296875,1281.5736083984375,351.5071716308594,1164.605712890625
2024-11-07 00:00:00+05:30,847.609375,1258.30078125,348.3761901855469,1158.0164794921875
2024-11-08 00:00:00+05:30,851.4432983398438,1238.7674560546875,348.1568298339844,1159.064697265625
2024-11-11 00:00:00+05:30,857.1942138671875,1249.0509033203125,347.7978515625,1169.0985107421875
2024-11-12 00:00:00+05:30,833.8509521484375,1250.330078125,343.2908630371094,1156.2694091796875
2024-11-13 00:00:00+05:30,815.967529296875,1233.6995849609375,336.6001281738281,1137.30029296875
2024-11-14 00:00:00+05:30,821.5,1236.897705078125,340.59857177734375,1138.84765625
2024-11-18 00:00:00+05:30,827.4934692382812,1233.45361328125,343.56005859375,1124.37109375
2024-11-19 00:00:00+05:30,845.5225219726562,1229.173095703125,344.55718994140625,1132.1085205078125
2024-11-21 00:00:00+05:30,845.0130004882812,1230.5999755859375,346.4218444824219,1137.30029296875
2024-11-22 00:00:00+05:30,847.1483764648438,1257.6612548828125,351.2778625488281,1140.544921875
2024-11-25 00:00:00+05:30,866.5604858398438,1280.1959228515625,357.1210021972656,1154.02294921875
2024-11-26 00:00:00+05:30,866.5362548828125,1284.132080078125,355.6950988769531,1142.9410400390625
2024-11-27 00:00:00+05:30,879.5182495117188,1279.9498291015625,355.6153564453125,1147.7830810546875
2024-11-28 00:00:00+05:30,870.224609375,1265.8287353515625,350.8291320800781,1130.6610107421875
2024-11-29 00:00:00+05:30,871.632080078125,1279.3594970703125,352.03564453125,1134.454833984375
2024-12-02 00:00:00+05:30,875.8298950195312,1283.8369140625,349.7821350097656,1135.2535400390625
2024-12-03 00:00:00+05:30,886.3125,1287.527099609375,348.9744873046875,1158.615478515625
2024-12-04 00:00:00+05:30,902.7157592773438,1295.0550537109375,350.4901123046875,1157.5672607421875
2024-12-05 00:00:00+05:30,905.457763671875,1315.1788330078125,354.0099792480469,1164.5059814453125
2024-12-06 00:00:00+05:30,900.6531982421875,1307.552490234375,354.3689270019531,1182.62646484375
2024-12-09 00:00:00+05:30,907.520263671875,1301.205322265625,356.22357177734375,1161.361083984375
2024-12-10 00:00:00+05:30,906.5982055664062,1309.2252197265625,357.9087219238281,1151.776611328125
2024-12-11 00:00:00+05:30,904.1716918945312,1306.3223876953125,357.9087219238281,1145.3870849609375
2024-12-12 00:00:00+05:30,902.3032836914062,1308.04443359375,352.7236633300781,1143.7896728515625
2024-12-13 00:00:00+05:30,908.36962890625,1323.44482421875,360.0924377441406,1146.28564453125
2024-12-16 00:00:00+05:30,905.1907958984375,1324.6256103515625,359.8531494140625,1149.0311279296875
2024-12-17 00:00:00+05:30,889.6853637695312,1312.47265625,355.78485107421875,1134.4049072265625
2024-12-18 00:00:00+05:30,878.74169921875,1293.1854248046875,354.9771728515625,1120.4276123046875
2024-12-19 00:00:00+05:30,870.3944091796875,1266.3701171875,351.407470703125,1107.099365234375
2024-12-20 00:00:00+05:30,859.7177734375,1267.84619140625,347.7081298828125,1070.109375
2024-12-23 00:00:00+05:30,874.0343017578125,1276.1121826171875,348.06707763671875,1077.3975830078125
2024-12-24 00:00:00+05:30,872.6268310546875,1276.5550537109375,348.8049621582031,1077.1480712890625
2024-12-26 00:00:00+05:30,869.0598754882812,1276.6533203125,349.55279541015625,1074.9515380859375
2024-12-27 00:00:00+05:30,872.6996459960938,1286.6907958984375,350.9687194824219,1075.7003173828125
2024-12-30 00:00:00+05:30,862.82373046875,1273.9964599609375,347.1397705078125,1068.2125244140625
2024-12-31 00:00:00+05:30,860.3729248046875,1261.203857421875,356.1836853027344,1062.970947265625
2025-01-01 00:00:00+05:30,865.1774291992188,1263.1719970703125,356.65234375,1070.0596923828125
2025-01-02 00:00:00+05:30,870.5157470703125,1270.0111083984375,366.37432861328125,1084.83544921875
2025-01-03 00:00:00+05:30,848.8954467773438,1244.86865234375,366.6734924316406,1083.1383056640625
2025-01-06 00:00:00+05:30,830.1141357421875,1243.933837890625,354.9073791503906,1061.6732177734375
2025-01-07 00:00:00+05:30,831.5215454101562,1258.8421630859375,353.3917541503906,1065.7666015625
2025-01-08 00:00:00+05:30,822.252197265625,1243.58935546875,352.7137145996094,1073.2044677734375
2025-01-09 00:00:00+05:30,809.3916625976562,1242.260986328125,357.0113220214844,1060.02587890625
2025-01-10 00:00:00+05:30,804.0289916992188,1229.9111328125,350.2308349609375,1039.010009765625
2025-01-13 00:00:00+05:30,791.4596557617188,1210.1318359375,346.6810607910156,1047.5960693359375
2025-01-14 00:00:00+05:30,799.1031494140625,1220.5135498046875,349.11407470703125,1049.9423828125
2025-01-15 00:00:00+05:30,797.3803100585938,1218.49609375,356.8916931152344,1025.132568359375
2025-01-16 00:00:00+05:30,801.7481079101562,1229.173095703125,360.0724792480469,1036.314453125
2025-01-17 00:00:00+05:30,794.3229370117188,1205.9002685546875,350.70947265625,989.440673828125
2025-01-20 00:00:00+05:30,801.3598022460938,1213.28076171875,382.9964294433594,986.445556640625
2025-01-21 00:00:00+05:30,797.0648803710938,1177.0677490234375,377.5720520019531,968.6245727539062
2025-01-22 00:00:00+05:30,808.5423583984375,1181.299072265625,382.3981628417969,957.7421875
2025-01-23 00:00:00+05:30,807.9842529296875,1182.5784912109375,377.8811950683594,949.505615234375
2025-01-24 00:00:00+05:30,800.6561889648438,1189.90966796875,376.1561584472656,946.959716796875
2025-01-27 00:00:00+05:30,790.9500122070312,1208.3604736328125,375.19891357421875,946.5604248046875
2025-01-28 00:00:00+05:30,810.6534423828125,1227.0081787109375,376.4652404785156,982.202392578125
2025-01-29 00:00:00+05:30,814.0020141601562,1231.6824951171875,382.966552734375,981.8031005859375
2025-01-30 00:00:00+05:30,820.8933715820312,1235.5693359375,379.2073669433594,983.1010131835938
2025-01-31 00:00:00+05:30,824.4118041992188,1232.814208984375,379.16748046875,984.4986572265625
2025-02-01 00:00:00+05:30,820.6264038085938,1235.520263671875,379.5264587402344,996.5291748046875
2025-02-03 00:00:00+05:30,814.341796875,1233.0108642578125,375.817138671875,987.7933959960938
2025-02-04 00:00:00+05:30,835.161376953125,1247.9683837890625,384.59185791015625,1013.6513061523438
2025-02-05 00:00:00+05:30,843.363037109375,1247.476318359375,381.25146484375,1011.654541015625
2025-02-06 00:00:00+05:30,846.299072265625,1252.101318359375,382.08905029296875,1019.0425415039062
2025-02-07 00:00:00+05:30,840.9122314453125,1236.8487548828125,384.7414245605469,1022.43701171875
2025-02-10 00:00:00+05:30,832.6619873046875,1242.4576416015625,390.9036560058594,1010.1070556640625
2025-02-11 00:00:00+05:30,825.6979370117188,1232.764892578125,382.6175537109375,1005.7640991210938
2025-02-12 00:00:00+05:30,828.3185424804688,1231.8299560546875,387.6729736328125,1005.2649536132812
2025-02-13 00:00:00+05:30,823.9022216796875,1228.976318359375,393.4263610839844,1006.5628051757812
2025-02-14 00:00:00+05:30,822.5191040039062,1239.99755859375,389.3581237792969,995.8801879882812
2025-02-17 00:00:00+05:30,833.4384765625,1231.1904296875,387.94219970703125,991.3375854492188
2025-02-18 00:00:00+05:30,836.2047119140625,1223.2196044921875,391.5418395996094,992.5357055664062
2025-02-19 00:00:00+05:30,838.2186889648438,1241.52294921875,395.859375,1009.7077026367188
2025-02-20 00:00:00+05:30,818.758056640625,1230.009521484375,392.9776611328125,1015.5482177734375
2025-02-21 00:00:00+05:30,821.378662109375,1213.28076171875,389.4877014160156,1007.3116455078125
2025-02-24 00:00:00+05:30,813.9049072265625,1198.9136962890625,392.0902404785156,1008.4097900390625
2025-02-25 00:00:00+05:30,816.4527587890625,1204.6212158203125,392.319580078125,1007.4613037109375
2025-02-27 00:00:00+05:30,825.3580932617188,1202.9482421875,388.39093017578125,1015.0490112304688
2025-02-28 00:00:00+05:30,840.7423095703125,1184.8909912109375,379.49652099609375,1013.90087890625
2025-03-03 00:00:00+05:30,825.7706909179688,1186.9573974609375,381.8198547363281,1005.6143188476562
2025-03-04 00:00:00+05:30,829.8714599609375,1191.0904541015625,380.4637451171875,1000.1732177734375
2025-03-05 00:00:00+05:30,820.1654052734375,1196.305908203125,385.50921630859375,1012.802734375
2025-03-06 00:00:00+05:30,820.7477416992188,1198.6185302734375,383.2357482910156,1032.420654296875
2025-03-07 00:00:00+05:30,819.8014526367188,1195.17431640625,385.9678649902344,1035.965087890625
2025-03-10 00:00:00+05:30,818.9521484375,1195.469482421875,383.2457275390625,1034.1678466796875
2025-03-11 00:00:00+05:30,817.9815063476562,1225.5321044921875,385.9280090332031,1023.9844360351562
2025-03-12 00:00:00+05:30,830.4296875,1224.105224609375,395.37078857421875,1009.5579833984375
2025-03-13 00:00:00+05:30,828.2214965820312,1230.10791015625,395.8793029785156,1008.5595703125
2025-03-17 00:00:00+05:30,830.0656127929688,1248.7557373046875,397.4747009277344,1032.470703125
2025-03-18 00:00:00+05:30,830.0656127929688,1248.7557373046875,397.4747009277344,1032.470703125
2025-03-19 00:00:00+05:30,846.42041015625,1292.1519775390625,403.14837646484375,1050.3416748046875
2025-03-20 00:00:00+05:30,858.3831787109375,1300.6148681640625,405.96026611328125,1052.637939453125
2025-03-21 00:00:00+05:30,859.1596069335938,1321.673583984375,414.6053466796875,1068.4122314453125
2025-03-24 00:00:00+05:30,873.5489501953125,1336.4835205078125,433.97955322265625,1096.067138671875
2025-03-25 00:00:00+05:30,883.9586791992188,1322.263916015625,432.7530822753906,1116.7337646484375
2025-03-26 00:00:00+05:30,876.7277221679688,1314.58837890625,427.7475280761719,1094.4698486328125
2025-03-27 00:00:00+05:30,885.8513793945312,1315.326416015625,424.5068359375,1096.56640625
2025-03-28 00:00:00+05:30,887.2345581054688,1326.8397216796875,432.99237060546875,1100.21044921875
2025-04-01 00:00:00+05:30,857.9464111328125,1297.416748046875,427.9468994140625,1083.8370361328125
2025-04-02 00:00:00+05:30,872.0444946289062,1310.0125732421875,429.68194580078125,1082.68896484375
2025-04-03 00:00:00+05:30,871.0496215820312,1308.3397216796875,425.2945251464844,1088.0802001953125
2025-04-04 00:00:00+05:30,881.9447021484375,1313.998046875,425.1649475097656,1089.5279541015625
2025-04-07 00:00:00+05:30,853.0205688476562,1267.009765625,406.3990173339844,1046.2481689453125
2025-04-08 00:00:00+05:30,858.5773315429688,1279.1627197265625,409.84906005859375,1076.099609375
2025-04-09 00:00:00+05:30,856.5632934570312,1280.04833984375,409.3604736328125,1059.9261474609375
2025-04-11 00:00:00+05:30,876.82470703125,1290.7252197265625,421.02685546875,1067.214111328125
2025-04-15 00:00:00+05:30,905.0452270507812,1328.66015625,422.82171630859375,1110.9930419921875
2025-04-16 00:00:00+05:30,911.4027709960938,1334.7613525390625,423.4598388671875,1159.414306640625
2025-04-17 00:00:00+05:30,925.3309326171875,1384.2587890625,436.3626708984375,1188.8663330078125
2025-04-21 00:00:00+05:30,935.231201171875,1387.3095703125,446.9920654296875,1221.0140380859375
2025-04-22 00:00:00+05:30,952.0227661132812,1393.902587890625,452.456298828125,1214.8240966796875
2025-04-23 00:00:00+05:30,933.6782836914062,1401.676513671875,444.12030029296875,1204.940185546875
2025-04-24 00:00:00+05:30,930.2325439453125,1380.3226318359375,443.3226013183594,1205.1397705078125
2025-04-25 00:00:00+05:30,927.5148315429688,1382.38916015625,439.61328125,1164.4061279296875
2025-04-28 00:00:00+05:30,931.882568359375,1406.00634765625,443.84112548828125,1190.863037109375
2025-04-29 00:00:00+05:30,926.3501586914062,1406.9903564453125,439.73297119140625,1185.3720703125
2025-04-30 00:00:00+05:30,934.2120361328125,1404.235107421875,440.3511962890625,1183.07568359375
2025-05-02 00:00:00+05:30,932.7076416015625,1407.2855224609375,435.08636474609375,1181.4783935546875
2025-05-05 00:00:00+05:30,939.9386596679688,1406.5968017578125,415.781982421875,1171.2947998046875
2025-05-06 00:00:00+05:30,937.463623046875,1408.7615966796875,413.60821533203125,1159.5140380859375
2025-05-07 00:00:00+05:30,944.2094116210938,1412.5010986328125,417.7762145996094,1159.414306640625
2025-05-08 00:00:00+05:30,935.91064453125,1412.5994873046875,421.3060302734375,1170.29638671875
2025-05-09 00:00:00+05:30,917.080810546875,1366.742919921875,419.4115295410156,1149.230712890625
2025-05-12 00:00:00+05:30,949.8388671875,1425.39208984375,427.7674255371094,1201.0465087890625
2025-05-13 00:00:00+05:30,933.04736328125,1407.777587890625,421.9043273925781,1191.6617431640625
2025-05-14 00:00:00+05:30,927.2236938476562,1403.44775390625,417.2776794433594,1193.55859375
2025-05-15 00:00:00+05:30,938.4827270507812,1427.6553955078125,420.0696105957031,1207.136474609375
2025-05-16 00:00:00+05:30,938.9194946289062,1430.8043212890625,420.4285888671875,1206.8370361328125
2025-05-19 00:00:00+05:30,940.8607177734375,1425.8841552734375,421.02685546875,1200.8468017578125
2025-05-20 00:00:00+05:30,929.3104858398438,1415.25634765625,416.8189697265625,1193.858154296875
2025-05-21 00:00:00+05:30,935.0856323242188,1421.6527099609375,413.0697937011719,1195.85498046875
2025-05-22 00:00:00+05:30,931.7369995117188,1419.0941162109375,411.97296142578125,1186.5699462890625
2025-05-23 00:00:00+05:30,938.3856811523438,1426.67138671875,418.9528503417969,1208.1348876953125
2025-05-26 00:00:00+05:30,941.588623046875,1437.2989501953125,416.6594543457031,1213.2266845703125
2025-05-27 00:00:00+05:30,934.8429565429688,1423.3255615234375,414.2862854003906,1193.6585693359375
2025-05-28 00:00:00+05:30,933.484130859375,1430.6075439453125,413.6680603027344,1192.7598876953125
2025-05-29 00:00:00+05:30,935.4253540039062,1433.264404296875,415.1238708496094,1199.74853515625
2025-05-30 00:00:00+05:30,943.86962890625,1422.7352294921875,413.7478332519531,1190.263916015625
2025-06-02 00:00:00+05:30,937.6577758789062,1427.3602294921875,411.5342102050781,1192.46044921875
2025-06-03 00:00:00+05:30,934.0179443359375,1414.961181640625,407.7251892089844,1179.5814208984375
2025-06-04 00:00:00+05:30,942.0740356445312,1408.1712646484375,408.08416748046875,1169.0985107421875
2025-06-05 00:00:00+05:30,946.1505126953125,1431.591552734375,406.8078308105469,1157.117919921875
2025-06-06 00:00:00+05:30,960.27294921875,1436.413330078125,413.4885559082031,1192.66015625
2025-06-09 00:00:00+05:30,960.3700561523438,1411.9107666015625,426.4113464355469,1217.9190673828125
2025-06-10 00:00:00+05:30,953.7698974609375,1400.200439453125,428.9839172363281,1230.798095703125
2025-06-11 00:00:00+05:30,946.5388793945312,1408.1712646484375,427.8272705078125,1229.400390625
2025-06-12 00:00:00+05:30,943.1417236328125,1402.4637451171875,424.13787841796875,1210.9305419921875
2025-06-13 00:00:00+05:30,930.620849609375,1393.5089111328125,420.26904296875,1203.8419189453125
2025-06-16 00:00:00+05:30,939.2592163085938,1404.13671875,426.57086181640625,1213.4263916015625
2025-06-17 00:00:00+05:30,936.4444580078125,1400.49560546875,426.13214111328125,1213.1268310546875
2025-06-18 00:00:00+05:30,938.5313110351562,1390.064697265625,425.25469970703125,1219.0172119140625
2025-06-19 00:00:00+05:30,939.210693359375,1388.78564453125,428.046630859375,1215.52294921875
2025-06-20 00:00:00+05:30,953.4786987304688,1404.33349609375,432.7131652832031,1218.7176513671875
2025-06-23 00:00:00+05:30,945.5681762695312,1397.4451904296875,435.5649719238281,1212.12841796875
2025-06-24 00:00:00+05:30,951.634521484375,1401.38134765625,443.4422912597656,1219.2169189453125
2025-06-25 00:00:00+05:30,961.0009155273438,1403.05419921875,438.39678955078125,1211.329833984375
2025-06-26 00:00:00+05:30,981.1896362304688,1416.1419677734375,439.5135803222656,1231.4970703125
2025-06-27 00:00:00+05:30,988.5983276367188,1438.8734130859375,440.311279296875,1223.110595703125
2025-06-30 00:00:00+05:30,982.023681640625,1422.7352294921875,431.4568176269531,1197.2525634765625
2025-07-01 00:00:00+05:30,987.2244873046875,1409.1552734375,435.4652404785156,1171.394775390625
2025-07-02 00:00:00+05:30,974.418701171875,1405.0223388671875,432.5735778808594,1173.3916015625
2025-07-03 00:00:00+05:30,974.9583740234375,1403.152587890625,424.0980224609375,1169.1982421875
2025-07-04 00:00:00+05:30,976.037841796875,1419.7830810546875,424.7361755371094,1176.6925048828125
2025-07-07 00:00:00+05:30,975.1055908203125,1412.796142578125,428.72467041015625,1174.1944580078125
2025-07-08 00:00:00+05:30,981.974609375,1418.9957275390625,443.6217346191406,1164.501953125
2025-07-09 00:00:00+05:30,986.7828979492188,1409.0570068359375,444.5789794921875,1163.8023681640625
2025-07-10 00:00:00+05:30,984.3296508789062,1401.38134765625,439.49365234375,1163.40283203125
2025-07-11 00:00:00+05:30,973.2901611328125,1399.2164306640625,442.8439636230469,1172.8955078125
2025-07-14 00:00:00+05:30,972.94677734375,1400.2989501953125,439.49365234375,1171.7962646484375
2025-07-15 00:00:00+05:30,979.079833984375,1407.9744873046875,436.3626708984375,1165.0015869140625
2025-07-16 00:00:00+05:30,979.4723510742188,1403.6446533203125,434.627685546875,1167.4996337890625
2025-07-17 00:00:00+05:30,974.8602905273438,1396.0675048828125,432.9126281738281,1158.90625
2025-07-18 00:00:00+05:30,960.3862915039062,1403.05419921875,427.3621826171875,1098.452880859375
2025-07-21 00:00:00+05:30,981.5330200195312,1442.4161376953125,432.2936706542969,1098.7525634765625
2025-07-22 00:00:00+05:30,984.771240234375,1450.0916748046875,431.29541015625,1097.15380859375
2025-07-23 00:00:00+05:30,993.2103881835938,1464.852294921875,433.3318786621094,1103.9486083984375
2025-07-24 00:00:00+05:30,988.2548217773438,1459.7353515625,427.681640625,1094.256103515625
2025-07-25 00:00:00+05:30,985.9922485351562,1453.5357666015625,424.18768310546875,1085.262939453125
2025-07-28 00:00:00+05:30,987.9105224609375,1464.6556396484375,392.6421203613281,1072.7725830078125
2025-07-29 00:00:00+05:30,994.3539428710938,1462.4906005859375,393.86004638671875,1063.3798828125
2025-07-30 00:00:00+05:30,996.4197998046875,1458.7513427734375,391.2644958496094,1072.472900390625
2025-07-31 00:00:00+05:30,992.6815795898438,1457.767333984375,395.0379943847656,1067.57666015625
2025-08-01 00:00:00+05:30,989.7304077148438,1448.12353515625,397.7932434082031,1061.581298828125
2025-08-04 00:00:00+05:30,979.7947387695312,1439.8575439453125,398.7116394042969,1067.7764892578125
2025-08-05 00:00:00+05:30,972.7118530273438,1421.357421875,399.9095764160156,1069.974853515625
2025-08-06 00:00:00+05:30,976.499267578125,1420.5703125,399.789794921875,1070.1746826171875
2025-08-07 00:00:00+05:30,981.4671020507812,1417.322998046875,397.73333740234375,1075.37060546875
2025-08-08 00:00:00+05:30,970.8920288085938,1412.9931640625,389.8669128417969,1057.2845458984375
2025-08-11 00:00:00+05:30,981.5654296875,1413.681884765625,394.4989013671875,1072.472900390625
2025-08-12 00:00:00+05:30,968.924560546875,1410.112060546875,391.1247253417969,1069.1754150390625
2025-08-13 00:00:00+05:30,974.0399169921875,1408.922119140625,396.8548583984375,1065.178466796875
2025-08-14 00:00:00+05:30,979.35205078125,1415.3677978515625,394.9581298828125,1067.376708984375
2025-08-18 00:00:00+05:30,985.5003662109375,1422.606689453125,399.5901184082031,1081.7657470703125
2025-08-19 00:00:00+05:30,979.35205078125,1424.29248046875,405.2803039550781,1082.365234375
2025-08-20 00:00:00+05:30,977.9256591796875,1418.64013671875,402.8045654296875,1079.3675537109375
2025-08-21 00:00:00+05:30,979.4012451171875,1433.911376953125,402.8644714355469,1078.068603515625
2025-08-22 00:00:00+05:30,966.317626953125,1424.3917236328125,396.63525390625,1070.07470703125
2025-08-25 00:00:00+05:30,966.0717163085938,1421.2183837890625,395.97637939453125,1069.1754150390625
2025-08-26 00:00:00+05:30,957.5625,1404.7572021484375,392.46246337890625,1049.290771484375
2025-08-28 00:00:00+05:30,942.2162475585938,1387.4034423828125,388.2696838378906,1051.08935546875
2025-08-29 00:00:00+05:30,936.1171264648438,1386.1143798828125,391.3843078613281,1044.39453125
2025-09-01 00:00:00+05:30,935.1333618164062,1399.2039794921875,393.04144287109375,1060.6820068359375
2025-09-02 00:00:00+05:30,929.1326904296875,1382.54443359375,387.8304443359375,1055.385986328125
2025-09-03 00:00:00+05:30,938.9207763671875,1385.321044921875,391.3643493652344,1053.88720703125
2025-09-04 00:00:00+05:30,945.610107421875,1393.75,389.2679443359375,1049.590576171875
2025-09-05 00:00:00+05:30,947.7251586914062,1391.0726318359375,388.4294128417969,1055.0863037109375
2025-09-08 00:00:00+05:30,950.2828369140625,1390.973388671875,389.3478088378906,1054.6866455078125
2025-09-09 00:00:00+05:30,949.4467163085938,1391.9649658203125,391.40423583984375,1051.3890380859375
2025-09-10 00:00:00+05:30,950.1845092773438,1392.163330078125,393.9798278808594,1069.2752685546875
2025-09-11 00:00:00+05:30,952.0535278320312,1389.882568359375,393.7801513671875,1086.56201171875
2025-09-12 00:00:00+05:30,951.5617065429688,1405.847900390625,393.7801513671875,1104.4482421875
2025-09-15 00:00:00+05:30,951.3157348632812,1407.5338134765625,393.4806823730469,1103.5489501953125
2025-09-16 00:00:00+05:30,951.1190185546875,1409.71533203125,403.64312744140625,1120.3359375
2025-09-17 00:00:00+05:30,950.7747192382812,1407.33544921875,409.353271484375,1125.13232421875
2025-09-18 00:00:00+05:30,961.0055541992188,1409.814453125,410.2117919921875,1132.1268310546875
2025-09-19 00:00:00+05:30,951.168212890625,1390.4775390625,405.49993896484375,1135.024658203125
2025-09-22 00:00:00+05:30,948.5121459960938,1389.783447265625,403.64312744140625,1143.51806640625
2025-09-23 00:00:00+05:30,941.6260375976562,1382.6436767578125,408.83416748046875,1169.8978271484375
2025-09-24 00:00:00+05:30,935.5761108398438,1371.1405029296875,405.5598449707031,1158.0069580078125
2025-09-25 00:00:00+05:30,934.3955688476562,1364.29833984375,402.0059814453125,1165.700927734375
2025-09-26 00:00:00+05:30,929.6737060546875,1348.233642578125,398.27239990234375,1153.1107177734375
2025-09-29 00:00:00+05:30,934.8382568359375,1336.829833984375,397.6335144042969,1131.327392578125
2025-09-30 00:00:00+05:30,935.5269165039062,1336.730712890625,397.8531494140625,1130.7279052734375
2025-10-01 00:00:00+05:30,949.5450439453125,1360.530029296875,411.94879150390625,1158.6064453125
2025-10-03 00:00:00+05:30,949.4467163085938,1353.786865234375,419.3759765625,1180.08984375
2025-10-06 00:00:00+05:30,957.6116333007812,1352.001953125,428.4602966308594,1211.865478515625
2025-10-07 00:00:00+05:30,966.514404296875,1364.3974609375,424.6468811035156,1185.885498046875
2025-10-08 00:00:00+05:30,962.7762451171875,1358.8443603515625,422.83001708984375,1179.690185546875
2025-10-09 00:00:00+05:30,961.2022094726562,1364.69482421875,428.1807861328125,1166.5003662109375
2025-10-10 00:00:00+05:30,964.9404296875,1368.7607421875,429.27886962890625,1179.4903564453125
2025-10-13 00:00:00+05:30,961.1038818359375,1367.8681640625,429.6781921386719,1188.6832275390625
2025-10-14 00:00:00+05:30,961.25146484375,1372.52880859375,429.6182861328125,1175.8931884765625
2025-10-15 00:00:00+05:30,962.3335571289062,1386.7093505859375,429.1790466308594,1168.6986083984375
2025-10-16 00:00:00+05:30,978.1715698242188,1405.451416015625,440.3197937011719,1195.378173828125
2025-10-17 00:00:00+05:30,986.2381591796875,1424.5899658203125,440.3996887207031,1199.2750244140625
2025-10-20 00:00:00+05:30,986.6316528320312,1378.6771240234375,441.9969177246094,1225.05517578125
2025-10-21 00:00:00+05:30,991.3043823242188,1370.4464111328125,438.6427001953125,1236.3465576171875
2025-10-23 00:00:00+05:30,992.386474609375,1352.2994384765625,444.35284423828125,1257.8299560546875
2025-10-24 00:00:00+05:30,978.5650634765625,1366.182373046875,436.6461486816406,1240.9429931640625
2025-10-27 00:00:00+05:30,986.6316528320312,1366.083251953125,428.9794006347656,1253.133544921875
2025-10-28 00:00:00+05:30,987.2218627929688,1351.7044677734375,431.4151916503906,1245.339599609375
2025-10-29 00:00:00+05:30,991.451904296875,1358.9434814453125,429.3587341308594,1247.837646484375
2025-10-30 00:00:00+05:30,981.9097900390625,1351.0103759765625,426.70330810546875,1237.6455078125
2025-10-31 00:00:00+05:30,971.2362670898438,1334.0533447265625,419.71539306640625,1231.8499755859375
2025-11-03 00:00:00+05:30,976.499267578125,1335.14404296875,421.97149658203125,1232.749267578125
2025-11-04 00:00:00+05:30,969.2196655273438,1325.7235107421875,418.5973205566406,1225.6546630859375
2025-11-06 00:00:00+05:30,968.6294555664062,1309.3614501953125,415.92193603515625,1227.55322265625
2025-11-07 00:00:00+05:30,966.317626953125,1331.7724609375,416.940185546875,1221.857666015625
2025-11-10 00:00:00+05:30,968.4818725585938,1336.730712890625,417.81866455078125,1216.0621337890625
2025-11-11 00:00:00+05:30,975.564697265625,1346.944580078125,416.6606750488281,1221.557861328125
2025-11-12 00:00:00+05:30,973.4005126953125,1347.53955078125,416.1814880371094,1220.6585693359375
2025-11-13 00:00:00+05:30,970.596923828125,1374.3138427734375,414.32470703125,1224.2557373046875
2025-11-14 00:00:00+05:30,973.4988403320312,1361.521728515625,415.22314453125,1240.6431884765625
2025-11-17 00:00:00+05:30,980.3357543945312,1367.4715576171875,419.8551330566406,1248.636962890625
2025-11-18 00:00:00+05:30,976.302490234375,1361.9183349609375,417.8985290527344,1264.4249267578125
2025-11-19 00:00:00+05:30,978.41748046875,1371.5372314453125,420.4541015625,1269.4210205078125
2025-11-20 00:00:00+05:30,992.4356689453125,1371.4381103515625,419.0165710449219,1284.2095947265625
2025-11-21 00:00:00+05:30,981.8114013671875,1358.0509033203125,416.84033203125,1274.81689453125
2025-11-24 00:00:00+05:30,982.8934936523438,1356.960205078125,416.7405090332031,1268.0220947265625
2025-11-25 00:00:00+05:30,973.6956176757812,1346.4488525390625,413.26654052734375,1265.32421875
2025-11-26 00:00:00+05:30,987.5662231445312,1363.5050048828125,420.03485107421875,1289.2056884765625
2025-11-27 00:00:00+05:30,993.0750732421875,1380.5611572265625,421.3126220703125,1286.3079833984375
2025-11-28 00:00:00+05:30,991.2059936523438,1377.189697265625,424.1477355957031,1278.7137451171875
2025-12-01 00:00:00+05:30,985.7954711914062,1378.478759765625,428.77972412109375,1274.7169189453125
2025-12-02 00:00:00+05:30,973.6956176757812,1361.521728515625,427.7415466308594,1257.030517578125
2025-12-03 00:00:00+05:30,984.2214965820312,1379.8670654296875,428.4802551269531,1269.720703125
2025-12-04 00:00:00+05:30,980.9752197265625,1375.1070556640625,426.34393310546875,1279.0135498046875
2025-12-05 00:00:00+05:30,986.9759521484375,1380.858642578125,430.23724365234375,1281.51171875
2025-12-08 00:00:00+05:30,986.7791748046875,1377.98291015625,425.58526611328125,1272.8184814453125
2025-12-09 00:00:00+05:30,980.8768310546875,1363.7032470703125,424.8066101074219,1274.916748046875
2025-12-10 00:00:00+05:30,973.6956176757812,1352.2001953125,425.16595458984375,1277.6146240234375
2025-12-11 00:00:00+05:30,984.0247802734375,1348.63037109375,435.28851318359375,1271.7191162109375
2025-12-12 00:00:00+05:30,985.2052612304688,1354.5802001953125,434.5697326660156,1285.10888671875
2025-12-15 00:00:00+05:30,979.89306640625,1353.786865234375,435.50811767578125,1283.8099365234375
2025-12-16 00:00:00+05:30,978.1223754882812,1354.5802001953125,435.7277526855469,1218.66015625
2025-12-17 00:00:00+05:30,967.989990234375,1341.0938720703125,433.89093017578125,1223.756103515625
2025-12-18 00:00:00+05:30,963.7599487304688,1345.4571533203125,432.17388916015625,1228.852294921875
2025-12-19 00:00:00+05:30,969.465576171875,1342.7796630859375,431.1556396484375,1229.651611328125
2025-12-22 00:00:00+05:30,971.6298217773438,1357.059326171875,429.1990051269531,1232.2496337890625
2025-12-23 00:00:00+05:30,980.3849487304688,1351.605224609375,431.7945251464844,1224.0560302734375
2025-12-24 00:00:00+05:30,980.9752197265625,1348.43212890625,431.9941711425781,1225.35498046875
2025-12-26 00:00:00+05:30,975.9581909179688,1339.110595703125,432.0940246582031,1227.25341796875
2025-12-29 00:00:00+05:30,975.564697265625,1332.070068359375,430.9759521484375,1231.050537109375
2025-12-30 00:00:00+05:30,974.7777709960938,1331.276611328125,429.7979736328125,1245.039794921875
2025-12-31 00:00:00+05:30,975.0728759765625,1331.67333984375,439.4613037109375,1268.4217529296875
2026-01-01 00:00:00+05:30,975.023681640625,1326.8143310546875,442.7955322265625,1273.41796875
2026-01-02 00:00:00+05:30,985.3035888671875,1344.06884765625,438.26336669921875,1265.9237060546875
2026-01-05 00:00:00+05:30,961.5957641601562,1360.0341796875,437.4248046875,1284.8092041015625
2026-01-06 00:00:00+05:30,946.544677734375,1399.4022216796875,428.5401611328125,1292.802978515625
2026-01-07 00:00:00+05:30,933.608642578125,1415.7642822265625,428.06097412109375,1294.501708984375
2026-01-08 00:00:00+05:30,931.296875,1423.00341796875,425.8647766113281,1285.808349609375
2026-01-09 00:00:00+05:30,923.72216796875,1392.56005859375,424.62689208984375,1271.019775390625
2026-01-12 00:00:00+05:30,921.7055053710938,1401.286376953125,425.9246826171875,1273.218017578125
2026-01-13 00:00:00+05:30,922.0989990234375,1424.9866943359375,425.7848815917969,1261.0274658203125
2026-01-14 00:00:00+05:30,910.3926391601562,1406.5421142578125,420.2744140625,1297.7991943359375
2026-01-15 00:00:00+05:30,910.3926391601562,1406.5421142578125,420.2744140625,1297.7991943359375
2026-01-16 00:00:00+05:30,915.95068359375,1399.0057373046875,417.479248046875,1293.20263671875
2026-01-19 00:00:00+05:30,912.8027954101562,1369.05810546875,426.16424560546875,1306.492431640625
2026-01-20 00:00:00+05:30,916.049072265625,1364.29833984375,423.069580078125,1292.503173828125
2026-01-21 00:00:00+05:30,905.3755493164062,1337.7222900390625,420.8733825683594,1283.9097900390625
2026-01-22 00:00:00+05:30,903.75244140625,1334.2515869140625,425.26580810546875,1293.80224609375
2026-01-23 00:00:00+05:30,901.1947021484375,1332.169189453125,422.0713195800781,1257.030517578125
2026-01-27 00:00:00+05:30,911.3272094726562,1350.0186767578125,407.9956359863281,1314.7860107421875
2026-01-28 00:00:00+05:30,917.524658203125,1356.2659912109375,411.6892395019531,1318.782958984375
2026-01-29 00:00:00+05:30,920.2791137695312,1372.0330810546875,411.6892395019531,1362.6490478515625
2026-01-30 00:00:00+05:30,914.1307983398438,1343.672119140625,407.29681396484375,1369.343994140625
2026-02-02 00:00:00+05:30,912.9994506835938,1341.4906005859375,407.4964904785156,1310.4893798828125
2026-02-03 00:00:00+05:30,933.2643432617188,1378.08203125,415.0833740234375,1355.15478515625
2026-02-04 00:00:00+05:30,937.5927124023438,1396.625732421875,411.63934326171875,1337.6683349609375
2026-02-05 00:00:00+05:30,934.248046875,1384.8251953125,408.0455322265625,1329.5745849609375
2026-02-06 00:00:00+05:30,925.7879638671875,1394.344970703125,421.6221008300781,1340.5660400390625
2026-02-09 00:00:00+05:30,922.0006103515625,1384.626953125,428.06097412109375,1340.3663330078125
2026-02-10 00:00:00+05:30,917.2295532226562,1394.7415771484375,428.5600891113281,1355.6544189453125
2026-02-11 00:00:00+05:30,912.0157470703125,1394.344970703125,428.8096618652344,1346.2618408203125
2026-02-12 00:00:00+05:30,905.6215209960938,1418.045166015625,425.515380859375,1338.9674072265625
2026-02-13 00:00:00+05:30,889.1932373046875,1402.77392578125,419.9250183105469,1331.2733154296875
2026-02-16 00:00:00+05:30,910.7368774414062,1399.7989501953125,424.8664855957031,1357.2532958984375
2026-02-17 00:00:00+05:30,910.6385498046875,1395.7332763671875,423.7184753417969,1356.154052734375
2026-02-18 00:00:00+05:30,909.6548461914062,1396.4273681640625,425.6152038574219,1375.9388427734375
2026-02-19 00:00:00+05:30,900.702880859375,1377.189697265625,415.6823425292969,1355.5545654296875
2026-02-20 00:00:00+05:30,897.0138549804688,1382.8419189453125,420.6238098144531,1367.24560546875
2026-02-23 00:00:00+05:30,908.5726928710938,1387.7010498046875,429.95770263671875,1385.63134765625
2026-02-24 00:00:00+05:30,895.6858520507812,1373.2230224609375,426.962890625,1386.5306396484375
2026-02-25 00:00:00+05:30,892.8330078125,1388.791748046875,424.2176208496094,1401.9188232421875
2026-02-26 00:00:00+05:30,883.9794311523438,1393.155029296875,423.81829833984375,1394.424560546875
2026-02-27 00:00:00+05:30,873.3060302734375,1367.3724365234375,414.48443603515625,1382.83349609375
2026-03-02 00:00:00+05:30,865.0918579101562,1362.5133056640625,412.3880310058594,1371.2425537109375
2026-03-04 00:00:00+05:30,854.5167846679688,1353.9852294921875,402.65484619140625,1350.2586669921875
2026-03-05 00:00:00+05:30,863.4686889648438,1346.2503662109375,406.5980224609375,1348.060302734375
2026-03-06 00:00:00+05:30,843.10546875,1302.419921875,399.1109313964844,1314.7860107421875
2026-03-09 00:00:00+05:30,827.0215454101562,1267.7125244140625,385.68414306640625,1287.3072509765625
2026-03-10 00:00:00+05:30,835.629150390625,1300.9324951171875,391.1746520996094,1313.686767578125
2026-03-11 00:00:00+05:30,820.38134765625,1283.777099609375,382.5395812988281,1254.832275390625
2026-03-12 00:00:00+05:30,819.2008666992188,1255.9119873046875,374.6531677246094,1233.5487060546875
2026-03-13 00:00:00+05:30,803.7071533203125,1244.3099365234375,366.2177429199219,1196.3773193359375
2026-03-16 00:00:00+05:30,826.9231567382812,1262.258544921875,369.21258544921875,1213.763916015625
2026-03-17 00:00:00+05:30,831.5958251953125,1277.9263916015625,373.5550842285156,1227.153564453125
2026-03-18 00:00:00+05:30,829.333251953125,1278.521484375,374.75299072265625,1252.2342529296875
2026-03-19 00:00:00+05:30,785.2130126953125,1239.6490478515625,367.5155029296875,1206.06982421875
2026-03-20 00:00:00+05:30,767.7518310546875,1234.9884033203125,366.117919921875,1202.9722900390625
2026-03-23 00:00:00+05:30,732.04248046875,1212.4781494140625,355.93548583984375,1169.6978759765625
2026-03-24 00:00:00+05:30,752.454833984375,1240.7398681640625,366.2177429199219,1191.78076171875
2026-03-25 00:00:00+05:30,769.5717163085938,1249.1688232421875,370.4604187011719,1221.158203125
2026-03-27 00:00:00+05:30,743.8963623046875,1223.4854736328125,365.5189514160156,1204.271240234375
2026-03-30 00:00:00+05:30,719.6473999023438,1195.8187255859375,352.7909240722656,1160.4051513671875
2026-04-01 00:00:00+05:30,730.17333984375,1202.561767578125,355.43634033203125,1192.1805419921875
2026-04-02 00:00:00+05:30,738.6826171875,1205.635986328125,357.38299560546875,1196.9769287109375
2026-04-06 00:00:00+05:30,758.45556640625,1221.10546875,359.9285888671875,1244.34033203125
2026-04-07 00:00:00+05:30,759.4392700195312,1235.0875244140625,362.3244934082031,1249.1365966796875
2026-04-08 00:00:00+05:30,802.82177734375,1298.2550048828125,379.49481201171875,1331.9727783203125
2026-04-09 00:00:00+05:30,784.72119140625,1270.58837890625,371.259033203125,1317.48388671875
2026-04-10 00:00:00+05:30,797.1161499023438,1310.848876953125,373.9044494628906,1349.759033203125
2026-04-13 00:00:00+05:30,781.7699584960938,1339.8046875,371.259033203125,1352.556884765625
2026-04-15 00:00:00+05:30,796.72265625,1336.829833984375,381.7409362792969,1354.4554443359375
2026-04-16 00:00:00+05:30,782.5077514648438,1334.2515869140625,378.4965515136719,1348.5599365234375
2026-04-17 00:00:00+05:30,786.8853759765625,1335.540771484375,382.9388732910156,1358.0526123046875
2026-04-20 00:00:00+05:30,782.5077514648438,1344.862060546875,378.5464782714844,1353.656005859375
2026-04-21 00:00:00+05:30,798.5425415039062,1376.79296875,381.4913635253906,1376.6383056640625
2026-04-22 00:00:00+05:30,786.8853759765625,1356.166748046875,376.2005310058594,1378.536865234375
2026-04-23 00:00:00+05:30,771.5883178710938,1336.730712890625,369.7616271972656,1368.5445556640625
2026-04-24 00:00:00+05:30,772.0802001953125,1315.1129150390625,370.2108459472656,1364.847412109375
2026-04-27 00:00:00+05:30,776.9496459960938,1303.114013671875,376.15057373046875,1323.179443359375
2026-04-28 00:00:00+05:30,769.817626953125,1281.1988525390625,377.2986145019531,1288.0067138671875
2026-04-29 00:00:00+05:30,766.3253784179688,1270.290771484375,381.3416442871094,1295.4010009765625
2026-04-30 00:00:00+05:30,759.1441650390625,1252.8380126953125,382.6393737792969,1267.3226318359375
2026-05-01 00:00:00+05:30,759.1441650390625,1252.8380126953125,382.6393737792969,1267.3226318359375
2026-05-04 00:00:00+05:30,766.7189331054688,1260.1761474609375,371.00946044921875,1274.1173095703125
2026-05-05 00:00:00+05:30,759.734375,1240.839111328125,370.7099914550781,1258.729248046875
2026-05-06 00:00:00+05:30,783.58984375,1268.8033447265625,375.9509582519531,1293.20263671875
2026-05-07 00:00:00+05:30,783.0979614257812,1268.3074951171875,378.7461242675781,1291.7037353515625
2026-05-08 00:00:00+05:30,768.145263671875,1254.226318359375,380.1436767578125,1267.3226318359375
2026-05-11 00:00:00+05:30,751.2251586914062,1255.8128662109375,380.39324951171875,1271.319580078125
2026-05-12 00:00:00+05:30,738.2399291992188,1229.93115234375,375.35198974609375,1259.12890625
2026-05-13 00:00:00+05:30,737.4037475585938,1225.2703857421875,376.9991149902344,1254.7322998046875
2026-05-14 00:00:00+05:30,757.0291748046875,1235.5833740234375,382.5395812988281,1253.6331787109375
2026-05-15 00:00:00+05:30,755.0125122070312,1234.095947265625,386.3829345703125,1243.8408203125
2026-05-18 00:00:00+05:30,756.143798828125,1240.6407470703125,391.1247253417969,1236.946044921875
2026-05-19 00:00:00+05:30,750.044677734375,1230.4268798828125,381.291748046875,1237.3458251953125
2026-05-20 00:00:00+05:30,747.1427001953125,1226.9561767578125,382.5395812988281,1248.8369140625
2026-05-21 00:00:00+05:30,746.7984008789062,1232.41015625,380.1936340332031,1252.334228515625
2026-05-22 00:00:00+05:30,754.3239135742188,1253.73046875,383.4879150390625,1284.409423828125
2026-05-25 00:00:00+05:30,774.0476684570312,1281.0006103515625,392.1729431152344,1310.189453125
2026-05-26 00:00:00+05:30,766.22705078125,1268.4066162109375,387.98016357421875,1298.298828125
2026-05-27 00:00:00+05:30,746.3065185546875,1262.0601806640625,388.03009033203125,1303.094970703125
2026-05-28 00:00:00+05:30,746.3065185546875,1262.0601806640625,388.03009033203125,1303.094970703125
2026-05-29 00:00:00+05:30,732.4359130859375,1245.896484375,383.537841796875,1285.6085205078125
2026-06-01 00:00:00+05:30,730.6160278320312,1229.3360595703125,376.7495422363281,1274.916748046875
2026-06-02 00:00:00+05:30,736.0757446289062,1216.3455810546875,378.3966979980469,1250.1358642578125
2026-06-03 00:00:00+05:30,741.3878784179688,1231.6168212890625,380.3433532714844,1254.232666015625
2026-06-04 00:00:00+05:30,741.9288940429688,1241.2357177734375,380.8424987792969,1252.334228515625
2026-06-05 00:00:00+05:30,734.8952026367188,1251.548828125,376.79949951171875,1271.319580078125
2026-06-08 00:00:00+05:30,726.6319580078125,1239.748291015625,376.4500732421875,1267.1226806640625
2026-06-09 00:00:00+05:30,726.3367919921875,1264.3409423828125,381.04217529296875,1291.404052734375
2026-06-10 00:00:00+05:30,734.698486328125,1282.488037109375,387.4311218261719,1313.487060546875
2026-06-11 00:00:00+05:30,732.485107421875,1305.9898681640625,392.6720886230469,1316.284912109375
2026-06-12 00:00:00+05:30,759.8819580078125,1329.5909423828125,402.60491943359375,1355.2548828125
2026-06-15 00:00:00+05:30,764.7022094726562,1316.501220703125,405.0506896972656,1367.24560546875
2026-06-16 00:00:00+05:30,772.1294555664062,1323.145263671875,407.1470947265625,1364.6474609375
2026-06-17 00:00:00+05:30,774.2935791015625,1325.6243896484375,403.8028564453125,1349.8590087890625
2026-06-18 00:00:00+05:30,786.0,1331.078369140625,402.25555419921875,1359.0518798828125
2026-06-19 00:00:00+05:30,779.7999877929688,1335.2431640625,398.5619201660156,1356.8536376953125
2026-06-22 00:00:00+05:30,786.4000244140625,1341.0938720703125,401.4569091796875,1357.552978515625
2026-06-23 00:00:00+05:30,774.6500244140625,1327.11181640625,400.957763671875,1362.44921875
2026-06-24 00:00:00+05:30,793.2000122070312,1362.11669921875,405.2503662109375,1383.43310546875
2026-06-25 00:00:00+05:30,796.2999877929688,1375.9005126953125,408.29510498046875,1376.138671875
2026-06-26 00:00:00+05:30,796.2999877929688,1375.9005126953125,408.29510498046875,1376.138671875
2026-06-29 00:00:00+05:30,798.9000244140625,1375.9996337890625,394.818359375,1355.7545166015625
2026-06-30 00:00:00+05:30,797.9500122070312,1363.7032470703125,391.573974609375,1344.6629638671875
2026-07-01 00:00:00+05:30,796.1500244140625,1368.264892578125,399.7598571777344,1367.6451416015625
2026-07-02 00:00:00+05:30,795.9000244140625,1388.2960205078125,398.61181640625,1361.5499267578125
2026-07-03 00:00:00+05:30,801.0499877929688,1399.6007080078125,396.06622314453125,1341.065673828125
2026-07-06 00:00:00+05:30,829.8499755859375,1414.9710693359375,380.642822265625,1338.567626953125
2026-07-07 00:00:00+05:30,829.2999877929688,1402.873046875,381.04217529296875,1339.966552734375
2026-07-08 00:00:00+05:30,810.2999877929688,1369.05810546875,369.462158203125,1308.4908447265625
2026-07-09 00:00:00+05:30,817.5499877929688,1369.1572265625,376.5,1296.5999755859375
2026-07-10 00:00:00+05:30,824.9500122070312,1389.48583984375,376.94921875,1323.699951171875
2026-07-13 00:00:00+05:30,817.9500122070312,1397.716552734375,383.987060546875,1319.4000244140625
2026-07-14 00:00:00+05:30,809.4000244140625,1395.9315185546875,377.9974060058594,1317.5999755859375
2026-07-15 00:00:00+05:30,815.4500122070312,1404.3604736328125,377.7478332519531,1312.300048828125
2026-07-16 00:00:00+05:30,808.2999877929688,1406.34375,376.5,1307.5999755859375
2026-07-17 00:00:00+05:30,819.5999755859375,1432.2257080078125,389.95001220703125,1328.5
2026-07-20 00:00:00+05:30,777.5999755859375,1447.99267578125,382.04998779296875,1256.0
2026-07-21 00:00:00+05:30,761.4500122070312,1450.868408203125,385.95001220703125,1258.199951171875
2026-07-22 00:00:00+05:30,753.1500244140625,1428.6556396484375,381.1499938964844,1238.4000244140625
2026-07-23 00:00:00+05:30,747.25,1422.606689453125,383.3500061035156,1223.0
2026-07-24 00:00:00+05:30,742.7999877929688,1420.9208984375,384.75,1227.300048828125
2026-07-27 00:00:00+05:30,739.5499877929688,1433.6138916015625,384.6499938964844,1227.5
2026-07-28 00:00:00+05:30,735.4000244140625,1418.8385009765625,385.29998779296875,1223.5
2026-07-29 00:00:00+05:30,748.2000122070312,1425.879150390625,390.20001220703125,1235.4000244140625
2026-07-30 00:00:00+05:30,753.9500122070312,1421.91259765625,389.3999938964844,1228.9000244140625
2026-07-31 00:00:00+05:30,748.1500244140625,1423.4000244140625,390.29998779296875,1229.5
2026-08-03 00:00:00+05:30,753.0,1460.0,397.5,1272.0
2026-08-04 00:00:00+05:30,742.0,1454.5999755859375,398.0,1261.800048828125
2026-08-05 00:00:00+05:30,735.0,1450.0999755859375,400.0,1253.9000244140625
2026-08-06 00:00:00+05:30,734.2999877929688,1457.5,394.0,1256.0
2026-08-07 00:00:00+05:30,731.0,1421.0,390.75,1238.0
2026-08-10 00:00:00+05:30,731.0,1431.800048828125,393.5,1247.300048828125
2026-08-11 00:00:00+05:30,729.0,1429.5999755859375,392.8999938964844,1229.800048828125
2026-08-12 00:00:00+05:30,729.0,1431.699951171875,390.5,1230.0
2026-08-13 00:00:00+05:30,725.0,1406.800048828125,392.3999938964844,1221.800048828125
2026-08-14 00:00:00+05:30,727.0,1417.0,391.1499938964844,1217.4000244140625
2026-08-17 00:00:00+05:30,729.0,1415.300048828125,392.70001220703125,1227.300048828125
2026-08-18 00:00:00+05:30,723.0,1412.0,387.6499938964844,1243.0
2026-08-19 00:00:00+05:30,720.0,1402.0,390.25,1235.0
2026-08-20 00:00:00+05:30,725.0499877929688,1411.9000244140625,397.3500061035156,1251.0
2026-08-21 00:00:00+05:30,726.9500122070312,1420.0,402.79998779296875,1245.800048828125
2026-08-24 00:00:00+05:30,729.0,1415.0,401.45001220703125,1236.0
2026-08-25 00:00:00+05:30,727.5,1422.699951171875,401.6000061035156,1235.0
2026-08-26 00:00:00+05:30,727.2000122070312,1430.0,416.70001220703125,1255.0
2026-08-27 00:00:00+05:30,711.0,1443.0,424.20001220703125,1256.0
2026-08-28 00:00:00+05:30,720.2999877929688,1422.800048828125,423.70001220703125,1265.0
2026-08-31 00:00:00+05:30,709.0,1454.0,419.3999938964844,1300.0
2026-09-01 00:00:00+05:30,711.9000244140625,1438.0,425.0,1258.0
2026-09-02 00:00:00+05:30,700.7999877929688,1426.5,423.5,1253.9000244140625
2026-09-03 00:00:00+05:30,706.6500244140625,1430.0,421.1499938964844,1267.0
2026-09-04 00:00:00+05:30,712.0999755859375,1423.199951171875,424.5,1273.0
2026-09-07 00:00:00+05:30,710.5,1427.5,422.1000061035156,1266.0
2026-09-08 00:00:00+05:30,703.0,1399.4000244140625,419.25,1244.9000244140625
2026-09-09 00:00:00+05:30,687.0999755859375,1389.0999755859375,414.0,1238.5
2026-09-10 00:00:00+05:30,693.7999877929688,1384.5,416.54998779296875,1246.0
2026-09-11 00:00:00+05:30,708.25,1379.300048828125,419.0,1246.0
2026-09-14 00:00:00+05:30,708.25,1379.300048828125,419.0,1246.0
2026-09-15 00:00:00+05:30,716.5499877929688,1350.4000244140625,409.79998779296875,1222.9000244140625
2026-09-16 00:00:00+05:30,721.5,1358.800048828125,415.0,1241.0
2026-09-17 00:00:00+05:30,713.0,1347.5999755859375,416.5,1240.0
2026-09-18 00:00:00+05:30,731.0,1338.9000244140625,412.5,1257.0
2026-09-21 00:00:00+05:30,739.5,1345.0,414.79998779296875,1250.0
2026-09-22 00:00:00+05:30,738.5999755859375,1339.5999755859375,412.6499938964844,1242.699951171875
